comment,ownerFullName,ownerUsername,url,commentsCount,firstComment,likesCount,time,queryTag,hashtags/0,hashtags/1,hashtags/2,hashtags/3,hashtags/4,hashtags/5,hashtags/6,hashtags/7,hashtags/8,hashtags/9,hashtags/10,hashtags/11,hashtags/12,hashtags/13,hashtags/14,hashtags/15,hashtags/16,hashtags/17,hashtags/18,hashtags/19,hashtags/20,hashtags/21,hashtags/22,hashtags/23,hashtags/24,hashtags/25,hashtags/26,hashtags/27,hashtags/28,hashtags/29,,type
"In a world where families fork out $17,000 for food, something feels off. Are we adapting or simply accepting this burden? Claire and Charlotte Acorn are not just coping; they're strategizing. With gardens sprouting up, Canadians are redefining grocery shopping. Share this with someone who needs to know the reality of rising prices. #FoodInflation #Canada #GroceryShopping #SustainableLiving #CostOfLiving #FamilyEconomics

Photos by Bade Saba & Megan Bucknall · Unsplash

Source: CBC PEI

Powered by GrowYourSocialFootprint.com",Spanglish East Coast,spanglisheastcoast,https://www.instagram.com/p/DX6NXQ2CBXt/,0,,0,2026-05-04T08:09:34.000Z,,FoodInflation,Canada,GroceryShopping,SustainableLiving,CostOfLiving,FamilyEconomics,,,,,,,,,,,,,,,,,,,,,,,,,,Instagram
"📢 इकॉनमी अपडेट: कमर्शियल गैस महंगी—क्या आपकी थाली पर पड़ेगा असर? 📉🔥

क्या आप जानते हैं कि कमर्शियल LPG की कीमतों में वृद्धि केवल रेस्तरां मालिकों को नहीं, बल्कि पूरी सप्लाई चेन को प्रभावित करती है? अमेरिका-ईरान तनाव के कारण बढ़ती ईंधन लागत अब भारतीय MSME सेक्टर के लिए चिंता का विषय है। UPSC, SSC और बैंकिंग की तैयारी कर रहे छात्रों के लिए 'मुद्रास्फीति (Inflation)', 'आपूर्ति श्रृंखला' और 'ऊर्जा के विकल्प (PNG vs LPG)' जैसे टॉपिक्स परीक्षा के लिए अत्यंत महत्वपूर्ण हैं। ✨📝

💡 AJSEI परीक्षा बाइट्स:
✅ फैक्ट: घरेलू सिलेंडर 14.2kg और कमर्शियल 19kg का होता है।
✅ कारण: वैश्विक आपूर्ति में व्यवधान (Global Supply Disruption)।
✅ प्रभाव: खाद्य मुद्रास्फीति और कम होती स्थानीय मांग।
✅ समाधान: सरकार द्वारा PNG (पाइप्ड नेचुरल गैस) को बढ़ावा देना।

आर्थिक नीतियों और उनके जमीनी असर को समझें और अपनी तैयारी को सशक्त बनाएं! इन पॉइंट्स को नोट करें। 📚✅

#AJSEI #EconomyUpdate #LPGPriceHike #Inflation #MSMEIndia #PNGvsLPG #UPSC #SSC #UKSSSC #GeneralKnowledge #CurrentAffairs2026 #FoodInflation #EconomicCrisis #LearnWithAJSEI 

विशेष घोषणा:
Online Classes Available for UPSC, SSC, Railway and All Competitive Exams.
भारतीय अर्थव्यवस्था, ऊर्जा नीतियों और अंतरराष्ट्रीय संबंधों के जटिल प्रभावों को सरल व्याख्या और सटीक डेटा के साथ समझने के लिए आज ही जुड़ें!",AJ Smart Education Institute,ajsei_official,https://www.instagram.com/p/DX6I2VHDUYc/,0,,0,2026-05-04T07:30:02.000Z,,AJSEI,EconomyUpdate,LPGPriceHike,Inflation,MSMEIndia,PNGvsLPG,UPSC,SSC,UKSSSC,GeneralKnowledge,CurrentAffairs2026,FoodInflation,EconomicCrisis,LearnWithAJSEI,,,,,,,,,,,,,,,,,,Instagram
"The price of a 20kg flour bag has hit a massive Rs 2500 in Karachi.

Official data from the Federal Bureau of Statistics reveals a sharp increase in essential food costs with prices surging by up to Rs 200 in just one week. While Karachi remains the most expensive city for flour, Lahore records the lowest rate at Rs 1810 per bag. This widening regional disparity in basic commodity prices places immense pressure on household budgets across Pakistan.
Rising fuel costs and supply chain disruptions continue to drive this severe food inflation. The continued volatility in wheat supply leaves low and middle-income families highly vulnerable to daily economic instability.

Follow Hi Pakistan for more updates.
Note: Image AI-generated for illustration.

#FlourPrices #KarachiInflation #PakistanEconomy #FoodInflation #hipakistan",Hi Pakistan,hipakistanpk,https://www.instagram.com/p/DX5qBJkgZSx/,0,,2,2026-05-04T03:00:38.000Z,,FlourPrices,KarachiInflation,PakistanEconomy,FoodInflation,hipakistan,,,,,,,,,,,,,,,,,,,,,,,,,,,Instagram
"مختلف شہروں میں مرغی کے گوشت اور زندہ برائلر کی قیمتوں میں اضافہ ریکارڈ کیا گیا ہے۔ لاہور میں زندہ برائلر کا تھوک ریٹ 354 روپے جبکہ پرچون ریٹ 368 روپے فی کلو مقرر ہے اور مرغی کا گوشت 533 روپے فی کلو فروخت ہو رہا ہے، انڈے 246 روپے فی درجن ہیں۔ گزشتہ روز کے مقابلے میں لاہور میں مرغی کے گوشت کی قیمت میں 14 روپے اور زندہ مرغی کی قیمت میں 10 روپے اضافہ ہوا ہے۔ پشاور میں ایک روز کے دوران زندہ برائلر کی فی کلو قیمت میں 20 روپے اضافہ ہوا جبکہ فیصل آباد میں گوشت 540 روپے فی کلو اور انڈے 246 روپے فی درجن ہیں۔

#ChickenPrice #BroilerChicken #PoultryPrices #FoodInflation #PakistanInflation #ChickenMeat #EggPrices #MarketRates #PriceHike #Livestock #PoultryIndustry #DailyNews #InflationPakistan #FoodCrisis #Karachi #Lahore #Peshawar #Faisalabad #PakistanNews #CommodityPrices",Top Digital 24x7,topdigital24x7,https://www.instagram.com/p/DX5A1TWDgtR/,0,,2,2026-05-03T21:00:45.000Z,,ChickenPrice,BroilerChicken,PoultryPrices,FoodInflation,PakistanInflation,ChickenMeat,EggPrices,MarketRates,PriceHike,Livestock,PoultryIndustry,DailyNews,InflationPakistan,FoodCrisis,Karachi,Lahore,Peshawar,Faisalabad,PakistanNews,CommodityPrices,,,,,,,,,,,,Instagram
"ملک کے مختلف شہروں میں آٹے کی قیمتوں میں نمایاں اضافہ ریکارڈ کیا گیا ہے اور 20 کلو کا تھیلا ایک ہفتے میں 40 سے 200 روپے تک مہنگا ہو گیا ہے۔ وفاقی ادارہ شماریات کی دستاویز کے مطابق حیدرآباد اور لاڑکانہ میں آٹے کے 20 کلو تھیلے کی قیمت میں 200 روپے اضافہ ہوا، سرگودھا میں 190 روپے اور سکھر میں 160 روپے اضافہ ریکارڈ کیا گیا۔ کراچی اور خضدار میں 100 روپے، کوئٹہ میں 90 روپے، اسلام آباد میں 67 روپے اور گوجرانوالا میں 66 روپے اضافہ ہوا۔ دستاویز کے مطابق کراچی میں آٹے کا 20 کلو تھیلا ملک میں سب سے مہنگا 2500 روپے جبکہ لاہور میں سب سے کم 1810 روپے ہے۔ دیگر شہروں میں کوئٹہ 2450، اسلام آباد 2373، پشاور 2350، راولپنڈی 2347 اور مختلف شہروں میں 2000 سے 2300 روپے تک قیمتیں ریکارڈ کی گئی ہیں۔

#AttaPrice #FlourCrisis #PakistanInflation #FoodPrices #CostOfLiving #PriceHike #AttaRates #PakistanEconomy #MarketRates #EssentialGoods #FoodInflation #DailyNews #InflationPakistan #CommodityPrices #Karachi #Lahore #Islamabad #Quetta #PakistanNews #PublicIssue",Top Digital 24x7,topdigital24x7,https://www.instagram.com/p/DX49UffgQ6H/,0,,1,2026-05-03T20:30:04.000Z,,AttaPrice,FlourCrisis,PakistanInflation,FoodPrices,CostOfLiving,PriceHike,AttaRates,PakistanEconomy,MarketRates,EssentialGoods,FoodInflation,DailyNews,InflationPakistan,CommodityPrices,Karachi,Lahore,Islamabad,Quetta,PakistanNews,PublicIssue,,,,,,,,,,,,Instagram
"Extreme weather is shaking India's farm economy, pushing food prices up and impacting every Indian household. Swipe to understand how monsoon fury affects your kitchen and wallet. Learn how to protect your finances from rising food inflation.

#IndianEconomy #MonsoonImpact #FoodInflation #PersonalFinanceIndia #RBI

📲 Follow @financebizzness for daily finance tips",finbizz.tips,financebizzness,https://www.instagram.com/p/DX4zmSrCV8z/,0,,0,2026-05-03T19:05:14.000Z,,IndianEconomy,MonsoonImpact,FoodInflation,PersonalFinanceIndia,RBI,,,,,,,,,,,,,,,,,,,,,,,,,,,Instagram
"ملک کے مختلف شہروں میں آٹے کی قیمتوں میں نمایاں اضافہ ریکارڈ کیا گیا ہے اور 20 کلو کا تھیلا ایک ہفتے میں مختلف شہروں میں 40 سے 200 روپے تک مہنگا ہو گیا ہے۔ وفاقی ادارہ شماریات کی دستاویز کے مطابق حیدرآباد اور لاڑکانہ میں آٹے کے 20 کلو تھیلے کی قیمت میں 200 روپے اضافہ ہوا، سرگودھا میں 190 روپے اور سکھر میں 160 روپے اضافہ ریکارڈ کیا گیا۔ کراچی اور خضدار میں 100 روپے، کوئٹہ میں 90 روپے، اسلام آباد میں 67 روپے اور گوجرانوالا میں 66 روپے اضافہ ہوا۔ دستاویز کے مطابق کراچی میں 20 کلو آٹے کی قیمت ملک میں سب سے زیادہ 2500 روپے جبکہ لاہور میں سب سے کم 1810 روپے ہے۔ دیگر شہروں میں کوئٹہ 2450، اسلام آباد 2373، پشاور 2350، راولپنڈی 2347 اور مختلف شہروں میں 2000 سے 2300 روپے تک قیمتیں ریکارڈ کی گئی ہیں۔

#AttaPrices #FlourCrisis #PakistanInflation #FoodInflation #AttaRates #PriceHike #CostOfLiving #PakistanEconomy #DailyNews #InflationPakistan #FoodPrices #MarketRates #EssentialGoods #PublicIssue #Karachi #Lahore #Islamabad #Quetta #PakistanNews #CommodityPrices",Haq News Official 24/7,haqnewsofficial24x7,https://www.instagram.com/p/DX4edVJkle8/,0,,1,2026-05-03T16:00:23.000Z,,AttaPrices,FlourCrisis,PakistanInflation,FoodInflation,AttaRates,PriceHike,CostOfLiving,PakistanEconomy,DailyNews,InflationPakistan,FoodPrices,MarketRates,EssentialGoods,PublicIssue,Karachi,Lahore,Islamabad,Quetta,PakistanNews,CommodityPrices,,,,,,,,,,,,Instagram
"𝗙𝗼𝗼𝗱 𝗣𝗿𝗶𝗰𝗲𝘀 𝗶𝗻 𝗝𝗮𝗽𝗮𝗻 𝗦𝗲𝘁 𝘁𝗼 𝗥𝗶𝘀𝗲 𝗮𝘀 𝗪𝗮𝗿 𝗗𝗿𝗶𝘃𝗲𝘀 𝗨𝗽 𝗖𝗼𝘀𝘁 𝗼𝗳 𝗣𝗹𝗮𝘀𝘁𝗶𝗰 𝗣𝗮𝗰𝗸𝗮𝗴𝗶𝗻𝗴
If you thought food inflation in Japan had stabilized, the latest developments suggest otherwise.

𝗥𝗲𝗮𝗱 𝗠𝗼𝗿𝗲 𝗛𝗲𝗿𝗲: https://cijtoday.com/japan-food-prices-rise-2026/

𝘚𝘵𝘢𝘺 𝘪𝘯𝘧𝘰𝘳𝘮𝘦𝘥 𝘢𝘯𝘥 𝘤𝘰𝘯𝘯𝘦𝘤𝘵𝘦𝘥 𝘸𝘪𝘵𝘩 𝘵𝘩𝘦 𝘭𝘢𝘵𝘦𝘴𝘵 𝘯𝘦𝘸𝘴 𝘢𝘵 https://cijtoday.com/

--

戦争によるプラスチック包装コストの上昇で、日本の食品価格が値上がりへ

日本の食品インフレが落ち着いたと思っていたなら、最新の動向はそうではないことを示しています。

📌 続きを読む：https://cijtoday.com/japan-food-prices-rise-2026/

最新ニュースはこちら：https://cijtoday.com/

#connectindiajapan #cijtoday #JapanEconomy #FoodInflation #SupplyChainCrisis GlobalInflation PackagingCrisis Petrochemical",Connect India Japan🇮🇳🇯🇵,connectindiajapan,https://www.instagram.com/p/DX4UcEvkwfM/,0,,-1,2026-05-03T14:32:52.000Z,,connectindiajapan,cijtoday,JapanEconomy,FoodInflation,SupplyChainCrisis,,,,,,,,,,,,,,,,,,,,,,,,,,,Instagram
"مختلف شہروں میں مرغی کے گوشت اور زندہ برائلر کی قیمتوں میں اضافہ ریکارڈ کیا گیا ہے۔ لاہور میں زندہ برائلر مرغی کا تھوک ریٹ 354 روپے جبکہ پرچون ریٹ 368 روپے فی کلو مقرر ہے، اور مرغی کا گوشت 533 روپے فی کلو فروخت ہو رہا ہے، جبکہ انڈے 246 روپے فی درجن ہیں۔ گزشتہ روز کے مقابلے میں لاہور میں مرغی کے گوشت کی قیمت میں 14 روپے اور زندہ مرغی کی قیمت میں 10 روپے اضافہ ہوا ہے۔ پشاور میں بھی ایک روز کے دوران زندہ برائلر کی فی کلو قیمت میں 20 روپے اضافہ ہوا ہے اور سرکاری نرخ 420 روپے فی کلو مقرر ہے۔ اسی طرح فیصل آباد میں زندہ برائلر کا تھوک ریٹ 359 روپے اور پرچون ریٹ 373 روپے فی کلو ہے جبکہ مرغی کا گوشت 540 روپے فی کلو میں فروخت ہو رہا ہے اور انڈوں کی قیمت 246 روپے فی درجن برقرار ہے۔

#ChickenPrice #BroilerChicken #PoultryPrices #FoodInflation #PakistanInflation #ChickenMeat #EggPrices #KarachiMarket #LahoreMarket #PeshawarMarket #Faisalabad #DailyPrices #MarketRates #PriceHike #InflationPakistan #FoodCrisis #Livestock #PoultryIndustry #PakistanNews #CommodityPrices",Haq News Official 24/7,haqnewsofficial24x7,https://www.instagram.com/p/DX4J6E3j55D/,0,,1,2026-05-03T13:00:49.000Z,,ChickenPrice,BroilerChicken,PoultryPrices,FoodInflation,PakistanInflation,ChickenMeat,EggPrices,KarachiMarket,LahoreMarket,PeshawarMarket,Faisalabad,DailyPrices,MarketRates,PriceHike,InflationPakistan,FoodCrisis,Livestock,PoultryIndustry,PakistanNews,CommodityPrices,,,,,,,,,,,,Instagram
"Restaurants across India are feeling the heat as a ₹993 LPG price hike pushes cylinder costs above ₹3,000, forcing eateries in cities like Bengaluru, Mumbai, Chennai, and Hyderabad to rethink menus, switch to alternatives like coal or biogas, and possibly increase food prices-while already struggling with high rents and rising wages.

*993 LPG hike

Food prices going UP?

Restaurants switching to coal, cutting menus & struggling to survive

Next time you eat out... remember this

#LPGPriceHike #Restaurant Crisis #FoodInflation",Bengaluru,whatbengaluru,https://www.instagram.com/p/DX3RWgxDEu2/,0,,-1,2026-05-03T04:46:56.000Z,,LPGPriceHike,Restaurant,FoodInflation,,,,,,,,,,,,,,,,,,,,,,,,,,,,,Instagram
"आम आदमी की जेब पर वार: तीन महीने में ₹1,303 तक बढ़े गैस के दाम

#LPGPriceHike #CommercialLPG #FoodInflation #AirIndia #TravelUpdate CostOfLiving IndiaNews MoneyMatters CommonMan InstaNewsIndia",One Click,rashmi_agarwal2026,https://www.instagram.com/p/DX19KA7nUqG/,0,,0,2026-05-02T16:30:02.000Z,,LPGPriceHike,CommercialLPG,FoodInflation,AirIndia,TravelUpdate,,,,,,,,,,,,,,,,,,,,,,,,,,,Instagram
"महाराष्ट्र में नासिक की टाटा कंसल्टेंसी सर्विसेज (TCS) मामले में फरार आरोपी निदा खान की अंतरिम जमानत याचिका को अदालत ने खारिज कर दिया है. बताया जा रहा है कि सरकार की दलीलों के बाद अदालत ने राहत देने से इनकार कर दिया...

.
.

#FoodPriceHike #RestaurantRates #FoodInflation #EatingOut #BreakingNews #InflationImpact #FoodCost #TrendingNow #BigUpdate

(food price hike India, restaurant rates increase, eating out cost India, food inflation update, hotel food expensive news, dining price rise India, inflation impact restaurants, food cost increase news)",FM News,fmnewsofficial,https://www.instagram.com/p/DX1p-pcmTMk/,0,,3,2026-05-02T13:43:19.000Z,,FoodPriceHike,RestaurantRates,FoodInflation,EatingOut,BreakingNews,InflationImpact,FoodCost,TrendingNow,BigUpdate,,,,,,,,,,,,,,,,,,,,,,,Instagram
"Inflation in Pakistan reached a 21-month high

#Pakistan #Inflation #EconomicCrisis #PriceHike #CostOfLiving #EconomyUpdate #FoodInflation #RupeePressure #FinancialNews #KhabrainDigital",Khabrain Digital,khabraindigital,https://www.instagram.com/p/DX1nQ2iDBxX/,0,,133,2026-05-02T13:19:36.000Z,,Pakistan,Inflation,EconomicCrisis,PriceHike,CostOfLiving,EconomyUpdate,FoodInflation,RupeePressure,FinancialNews,KhabrainDigital,,,,,,,,,,,,,,,,,,,,,,Instagram
"Inflation in Pakistan has surged to 10.9% in April, marking a near two-year high, according to Pakistan Bureau of Statistics. The sharp rise is driven by increasing fuel prices, higher petroleum levies, and global supply shocks, pushing up the cost of transport, energy, and essential food items across the country.

Fuel prices have seen significant hikes, with diesel and petrol costs heavily impacting overall inflation, while electricity and gas prices have also risen sharply. The surge has affected both urban and rural populations, raising concerns as the government may miss its annual inflation target amid continued economic pressure.

At Certified Pakistan, we provide verified updates on economic trends, inflation, and developments impacting daily life in Pakistan.

Disclaimer:
This information is sourced from publicly available reports and is for informational purposes only. Image is Ai generated and is just for reference.

Website: certifiedpakistan.com

#inflation #pakistaneconomy #pricehike #fuelprices #costofliving #economiccrisis  #pbstats #foodinflation #energyprices #imf #Pakistan #pakistannews #karachi  #lahore #islamabad #pakupdates #breakingnewspk #newsupdate #currentaffairs #trendingpakistan #pakaudience #urdunews #dailynews #certifiedpakistan",Certified Pakistan,certifiedpakistanofficial,https://www.instagram.com/p/DX1mGhdliP7/,0,,2,2026-05-02T13:09:27.000Z,,inflation,pakistaneconomy,pricehike,fuelprices,costofliving,economiccrisis,pbstats,foodinflation,energyprices,imf,Pakistan,pakistannews,karachi,lahore,islamabad,pakupdates,breakingnewspk,newsupdate,currentaffairs,trendingpakistan,pakaudience,urdunews,dailynews,certifiedpakistan,,,,,,,,Instagram
"🚨 ₹993 LPG HIKE — WHAT IT MEANS FOR YOU

A sharp ₹993 increase in LPG prices has pushed commercial cylinder costs beyond ₹3,000 in many parts of India—putting serious pressure on restaurants.

From Bengaluru to Mumbai, eateries are being forced to rethink how they survive:

🔥 Cutting menu items
🔥 Reducing portion sizes
🔥 Switching to coal or alternative fuels
🔥 Preparing for price hikes

📈 The result?
Food prices are likely to rise—and your dining experience may change.

This isn’t just a restaurant problem…
It’s something every customer will feel.

👉 Next time you eat out, remember what’s behind that bill.

#LPGPriceHike #FoodInflation #RestaurantCrisis #IndiaNews #EconomicImpact",EchoEra,echoera.daily,https://www.instagram.com/p/DX1j2RRCXhZ/,0,,-1,2026-05-02T12:49:47.000Z,,LPGPriceHike,FoodInflation,RestaurantCrisis,IndiaNews,EconomicImpact,,,,,,,,,,,,,,,,,,,,,,,,,,,Instagram
"لاہور میں اوپن مارکیٹ میں سرکاری نرخ پر آٹا نایاب ہو گیا ہے اور 10 و 20 کلوگرام کے تھیلوں کی قیمتوں میں نمایاں اضافہ ریکارڈ کیا گیا ہے، مارکیٹ ذرائع کے مطابق 10 کلو آٹا 1050 روپے اور 20 کلو 2100 روپے تک پہنچ گیا ہے، فلور ملز ایسوسی ایشن نے سرکاری گندم کی فراہمی بند ہونے کو وجہ قرار دیا جبکہ کریانہ مرچنٹس کے مطابق طلب کے مقابلے میں رسد کم ہونے سے لاہور سمیت پنجاب بھر میں سرکاری آٹا دستیاب نہیں رہا۔

#Lahore #FlourCrisis #AttaPrice #Mehngai #InflationPakistan #FoodCrisis #AttaShortage #PunjabNews #PakistanNews #BreakingNews #FlourRate #DailyNeeds #GroceryCrisis #CostOfLiving #EconomicCrisis #PublicIssues #FoodInflation #MarketUpdate #AttaCrisis #NewsUpdate",Haq News Official 24/7,haqnewsofficial24x7,https://www.instagram.com/p/DX1QIzGAJUs/,0,,1,2026-05-02T09:57:32.000Z,,Lahore,FlourCrisis,AttaPrice,Mehngai,InflationPakistan,FoodCrisis,AttaShortage,PunjabNews,PakistanNews,BreakingNews,FlourRate,DailyNeeds,GroceryCrisis,CostOfLiving,EconomicCrisis,PublicIssues,FoodInflation,MarketUpdate,AttaCrisis,NewsUpdate,,,,,,,,,,,,Instagram
"Restaurants across India are feeling the heat as a ₹993 LPG price hike pushes cylinder costs above ₹3,000, forcing eateries in cities like Bengaluru, Mumbai, Chennai, and Hyderabad to rethink menus, switch to alternatives like coal or biogas, and possibly increase food prices—while already struggling with high rents and rising wages.

₹993 LPG hike

Food prices going UP?

Restaurants switching to coal, cutting menus & struggling to survive

Next time you eat out... remember this

#LPGPriceHike #Restaurant Crisis #FoodInflation",In Out Bengaluru | Exploring Bengaluru,inoutbengaluru,https://www.instagram.com/p/DX1JcqsAJS4/,0,,-1,2026-05-02T08:59:15.000Z,,LPGPriceHike,Restaurant,FoodInflation,,,,,,,,,,,,,,,,,,,,,,,,,,,,,Instagram
"🔥📈 Commercial LPG prices are soaring past ₹3,000 across most Indian cities.

From Delhi to Chennai, restaurants and small eateries are feeling the pinch—while Hyderabad stands out as a rare outlier below the mark.

As fuel costs rise, the big question remains: how long before this hits your food bill? 🍽️

#LPGPrices #IndiaEconomy #FoodInflation #RestaurantBusiness #CostOfLiving #HospitalityIndustry #Inflation",Fortune India,fortune.india,https://www.instagram.com/p/DX1GVzVihYt/,0,,65,2026-05-02T08:31:55.000Z,,LPGPrices,IndiaEconomy,FoodInflation,RestaurantBusiness,CostOfLiving,HospitalityIndustry,Inflation,,,,,,,,,,,,,,,,,,,,,,,,,Instagram
"Hotels in Bengaluru are likely to increase food prices after commercial LPG rates surged by ₹993, reaching ₹3,152 per cylinder. 

The sharp rise is significantly impacting operational costs, especially for small and mid-scale eateries. While operators aim to keep staple items affordable, selective menu price revisions are being considered. Industry bodies are also seeking GST relief and exploring alternative fuels to manage rising expenses.

#HospitalityNews #BengaluruHotels #FoodInflation #LPGPriceHike #RestaurantIndustry #IndiaHospitality",Hospitality Career Profile,hospitality_career_profile,https://www.instagram.com/p/DX1BwJmGGDd/,0,,0,2026-05-02T07:51:50.000Z,,HospitalityNews,BengaluruHotels,FoodInflation,LPGPriceHike,RestaurantIndustry,IndiaHospitality,,,,,,,,,,,,,,,,,,,,,,,,,,Instagram
"ఏపీలో హోటల్ ఫుడ్ ప్రియులకు షాక్.. 10 శాతం పెరగనున్న మెనూ ధరలు.వాణిజ్య గ్యాస్ సిలిండర్ ధర భారీగా పెంపు ఏపీ స్టార్ హోటళ్లలో 10 శాతం ధరల పెంపునకు నిర్ణయం ప్రకటన చేసిన ఏపీ స్టార్ హోటళ్ల అసోసియేషన్ పెరిగిన ఖర్చులతో తప్పడం లేదన్న యాజమాన్యాలు వాణిజ్య గ్యాస్ సిలిండర్ ధరలు భారీగా పెరగడంతో ఆంధ్రప్రదేశ్‌లోని స్టార్ హోటళ్లలో భోజనం ప్రియం కానుంది. పెరిగిన ఖర్చుల భారాన్ని తట్టుకునేందుకు మెనూ ధరలను 10 శాతం వరకు పెంచాలని ఏపీ స్టార్ హోటళ్ల అసోసియేషన్ ప్రాథమికంగా నిర్ణయించింది. ఈ నిర్ణయం […] #AndhraPradesh #Bharataawaz #FoodInflation #HotelFoodPrices #PriceHike Bharat Aawaz - The Voice Of India! News, Updates, Politics and More! #AndhraPradesh #AndhraPradesh #Bharataawaz #FoodInflation #HotelFoodPrices #PriceHike",Bharat Aawaz,bharataawaz,https://www.instagram.com/p/DX06ubhDSNY/,1,,0,2026-05-02T06:50:29.000Z,,AndhraPradesh,Bharataawaz,FoodInflation,HotelFoodPrices,PriceHike,,,,,,,,,,,,,,,,,,,,,,,,,,,Instagram
"Restaurants across India are feeling the heat as a ₹993 LPG price hike pushes cylinder costs above ₹3,000, forcing eateries in cities like Bengaluru, Mumbai, Chennai, and Hyderabad to rethink menus, switch to alternatives like coal or biogas, and possibly increase food prices—while already struggling with high rents and rising wages.

₹993 LPG hike 😳🔥
Food prices going UP? 🍛📈
Restaurants switching to coal, cutting menus & struggling to survive 💔
Next time you eat out… remember this 👀

#LPGPriceHike #RestaurantCrisis #FoodInflation #IndiaNews #Bengaluru4U",Bengaluru For You | Bangalore For You 💛❤️,bengaluru4u,https://www.instagram.com/p/DX04lVzFzs_/,0,,-1,2026-05-02T06:31:45.000Z,,LPGPriceHike,RestaurantCrisis,FoodInflation,IndiaNews,Bengaluru4U,,,,,,,,,,,,,,,,,,,,,,,,,,,Instagram
"Global agricultural prices hit a two-year high as Strait of Hormuz disruptions, war with Iran, and extreme weather raise energy, fertilizer, and freight costs. Wheat and corn surged, soybean oil jumped sharply, and palm oil rose, with drought and El Niño risks threatening supply and fueling global food inflation.

#AgriPrices #GlobalCommodities #FoodInflation #FertilizerCosts #CrudeOilImpact #SupplyShock #ElNinoRisk #GrainMarkets",AgriInsite,agriinsite,https://www.instagram.com/p/DX0yjt9ioUn/,0,,0,2026-05-02T05:39:03.000Z,,AgriPrices,GlobalCommodities,FoodInflation,FertilizerCosts,CrudeOilImpact,SupplyShock,ElNinoRisk,GrainMarkets,,,,,,,,,,,,,,,,,,,,,,,,Instagram
"घरेलू बाजार में चीनी की कीमतों को स्थिर रखने और पर्याप्त उपलब्धता सुनिश्चित करने के लिए केंद्र सरकार ने चीनी निर्यात को 10 मिलियन टन (100 लाख मीट्रिक टन) तक सीमित रखने का फैसला किया है। यह कदम उपभोक्ता हितों की रक्षा के लिए उठाया गया है, ताकि त्योहारी सीजन या उत्पादन में किसी भी कमी के दौरान कीमतों में उछाल न आए। हालांकि, ताजा सरकारी आंकड़ों (मई 2026) के अनुसार, 2025-26 के मार्केटिंग सीजन के लिए अब तक केवल 1.5 मिलियन टन निर्यात का कोटा ही आधिकारिक रूप से जारी किया गया था, जिसमें से वास्तविक शिपमेंट करीब 7.5 से 8 लाख टन होने का अनुमान है। सरकार 'कैलिब्रेटेड एक्सपोर्ट' (Calibrated Export) की नीति अपना रही है, जिसका अर्थ है कि अंतरराष्ट्रीय मांग और घरेलू उत्पादन ($28.2 \text{ मिलियन टन}$) के बीच संतुलन बनाकर ही निर्यात की अतिरिक्त अनुमति दी जाएगी।

#SugarExport #ModiGovernment #FoodInflation #SugarPrices #AgriculturePolicy #IndianEconomy #ExportCap #ConsumerProtection #BreakingNewsIndia #SugarIndustry #AgriTrade2026",JAROORI KHABAR,jaroori_khabar,https://www.instagram.com/p/DX0uKZGE_HV/,0,,3,2026-05-02T05:00:38.000Z,,SugarExport,ModiGovernment,FoodInflation,SugarPrices,AgriculturePolicy,IndianEconomy,ExportCap,ConsumerProtection,BreakingNewsIndia,SugarIndustry,AgriTrade2026,,,,,,,,,,,,,,,,,,,,,Instagram
"وفاقی وزارت خزانہ کی جانب سے مہنگائی میں کمی کے دعوے دھرے کے دھرے رہ گئے ہیں اور اپریل میں سالانہ مہنگائی کی شرح ڈبل ڈیجٹ کے ساتھ 10.89 فیصد تک جا پہنچی ہے، جو کہ گزشتہ 21 ماہ کی بلند ترین سطح ہے۔

 ادارہ شماریات کی رپورٹ کے مطابق اس اضافے کی بڑی وجہ اشیائے خوردونوش کی قیمتوں میں ہوشربا اضافہ ہے،  خصوصاً ٹماٹر کی قیمت میں 57 فیصد، سبزیوں میں 40 فیصد، انڈوں میں 14 فیصد اور پیاز کی قیمت میں 9 فیصد تک اضافہ ریکارڈ کیا گیا۔

 اس کے علاوہ دودھ اور اس سے بنی اشیا کی قیمتیں بھی عام آدمی کی پہنچ سے دور ہوتی جا رہی ہیں۔

#InflationPakistan #PakistanEconomy #StatisticsBureau #FoodPrices #CostOfLiving #TomatoPrice #Vegetables #InflationRate #EconomicCrisis #FoodInflation #BreakingNews #karachinamaa",Karachi Namaa,karachinamaa.pk,https://www.instagram.com/p/DXzoCjTDI_M/,0,,1,2026-05-01T18:47:54.000Z,,InflationPakistan,PakistanEconomy,StatisticsBureau,FoodPrices,CostOfLiving,TomatoPrice,Vegetables,InflationRate,EconomicCrisis,FoodInflation,BreakingNews,karachinamaa,,,,,,,,,,,,,,,,,,,,Instagram
"आज से कॉमर्शियल गैस के दाम में ₹994 की बढ़ोतरी, खाने-पीने की चीजें महंगी होने के आसार  #GasPriceHike #CommercialCylinder #LPGPrice #Inflation #PriceRise #IndiaNews #BreakingNews #CostOfLiving #RestaurantPrices #FoodInflation #EconomicImpact #DailyExpenses #CateringCost #FuelPrice #BusinessImpact #HospitalityIndustry #MarketUpdate #PriceIncrease #NewsUpdate #IndiaEconomy",Vindhya Times,vindhyatimes,https://www.instagram.com/p/DXyYgpwF07T/,0,,32,2026-05-01T07:12:58.000Z,,GasPriceHike,CommercialCylinder,LPGPrice,Inflation,PriceRise,IndiaNews,BreakingNews,CostOfLiving,RestaurantPrices,FoodInflation,EconomicImpact,DailyExpenses,CateringCost,FuelPrice,BusinessImpact,HospitalityIndustry,MarketUpdate,PriceIncrease,NewsUpdate,IndiaEconomy,,,,,,,,,,,,Instagram
"Wait a minute… how did basic living become this hard? 😳
In Nigeria 🇳🇬 today, survival feels like a full-time job. Prices keep rising, but income stays the same. A simple trip to the market now feels like luxury shopping. Rice, garri, oil—things that used to be everyday essentials—are now things people calculate twice before buying.
Three square meals a day? For many, that’s no longer normal… it’s a privilege.
The common man isn’t asking for too much—just food on the table, small peace of mind, and the ability to live without constant stress. But right now, even that feels out of reach.
This is more than just “things are expensive”… it’s people struggling quietly every single day.
#Nigeria #CostOfLivingCrisis #FoodInflation #RealLifeStruggles",Blessing Oboghor,blessedbyblessing10,https://www.instagram.com/p/DXyEOhwGe7F/,1,,1,2026-05-01T04:15:44.000Z,,Nigeria,CostOfLivingCrisis,FoodInflation,RealLifeStruggles,,,,,,,,,,,,,,,,,,,,,,,,,,,,Instagram
"Wait a minute… how did basic living become this hard? 😳
In Nigeria 🇳🇬 today, survival feels like a full-time job. Prices keep rising, but income stays the same. A simple trip to the market now feels like luxury shopping. Rice, garri, oil—things that used to be everyday essentials—are now things people calculate twice before buying.
Three square meals a day? For many, that’s no longer normal… it’s a privilege.
The common man isn’t asking for too much—just food on the table, small peace of mind, and the ability to live without constant stress. But right now, even that feels out of reach.
This is more than just “things are expensive”… it’s people struggling quietly every single day.
#Nigeria #CostOfLivingCrisis #FoodInflation #RealLifeStruggles",Blessing Oboghor,blessedbyblessing10,https://www.instagram.com/p/DXyC1cSGQDy/,1,,1,2026-05-01T04:03:34.000Z,,Nigeria,CostOfLivingCrisis,FoodInflation,RealLifeStruggles,,,,,,,,,,,,,,,,,,,,,,,,,,,,Instagram
"When did you last update your recipe costs? Be honest - most café owners are working from numbers that quietly drift.

I know, because I did it too.

For years, my recipe costing spreadsheet was only really “live” for about a month.

After that?

It got updated when I had time.
Which usually meant twice a year. Maybe.

That used to be survivable.

But when ingredient prices start moving faster, stale costings stop being a harmless admin gap and start becoming a margin leak.

Not because sales dropped.
Not because you’re bad at running a café.
Not because you don’t care about your numbers.

Just because the numbers changed before the spreadsheet did.

A simple example:

→ £10,000 monthly ingredient spend
→ 9% cost movement you don’t catch
→ £900/month at risk
→ £10,800/year

That’s not drama.
That’s the maths.

And honestly, if you’re still manually updating recipe costs every few months, you’re not lazy.

You’re running a café.

But the faster costs move, the less realistic manual updates become.

When did you last properly update yours?

Drop it in the comments - no judgement.

#independentcafe #cafeowner #ukhospitality #foodinflation #recipecosting",Brikly,brik.ly,https://www.instagram.com/p/DXw68GSiBbd/,1,,8,2026-04-30T17:35:19.000Z,,independentcafe,cafeowner,ukhospitality,foodinflation,recipecosting,,,,,,,,,,,,,,,,,,,,,,,,,,,Instagram
"The FAO reports a 90% collapse in Strait of Hormuz traffic, causing global agrifood disruptions. Director-General Qu Dongyu warns that rising energy and fertilizer prices—with urea costs surging over 50%—will drive food inflation. This crisis threatens Indian Horeca through increased procurement expenses and logistics 

Get the full story: https://www.buysellhoreca.com//news/strait-of-hormuz-crisis-rising-energy-and-fertiliz

#SupplyChain #FoodInflation #Procurement #HorecaNews #GlobalCrisis",BS HoReCa,bs_horeca,https://www.instagram.com/p/DXv8nv2DaC0/,0,,0,2026-04-30T08:30:55.000Z,,SupplyChain,FoodInflation,Procurement,HorecaNews,GlobalCrisis,,,,,,,,,,,,,,,,,,,,,,,,,,,Instagram
"""Summer is here, but cooling down is going to cost you a bit more this year. As temperatures soar, the prices of our favorite summer essentials—ice creams and chocolates—are seeing a significant spike. From rising raw material costs like cocoa and sugar to supply chain disruptions caused by global conflicts, several factors are contributing to this 'sweet' inflation. Watch the full breakdown to understand why your dessert bill is looking a little heavier this season!""
.
.
.
.
Follow @tcx.official
.
.
.
Ice cream prices, chocolate inflation, summer 2026, food costs, cocoa shortage, sugar prices, dairy industry, consumer news, Business Today, Akshita Kakkar, FMCG trends, global supply chain, West Asia conflict, Iran war impact, food inflation, summer treats, dessert prices, economic news, retail prices, manufacturing costs, logistics, heatwave impact, budget tips, shopping news, Indian economy.
.
.
.
.
#IceCreamPrices #FoodInflation #SummerVibes #IndiaNews #TellyChakkar",Tcx.official_,tcx.official,https://www.instagram.com/p/DXv53LGgCtA/,1,,981,2026-04-30T08:06:43.000Z,,IceCreamPrices,FoodInflation,SummerVibes,IndiaNews,TellyChakkar,,,,,,,,,,,,,,,,,,,,,,,,,,,Instagram
"Residents in Karachi are reportedly facing a severe gas shortage, with some turning to unusual methods like storing gas in balloons to manage daily needs. The ongoing supply crunch has made it difficult for households to cook and carry out basic routines, highlighting the growing energy challenges in the city. As demand rises and supply struggles to keep up, the situation underscores the urgent need for sustainable solutions to ensure reliable access to essential utilities.

#Karachi #GasShortage #EnergyCrisis #PakistanNews #dailystruggles",The Air,theair.pk,https://www.instagram.com/p/DX4U29PlRmt/,0,,0,2026-05-03T14:36:30.000Z,,Karachi,GasShortage,EnergyCrisis,PakistanNews,dailystruggles,,,,,,,,,,,,,,,,,,,,,,,,,,,Instagram
"గ్యాస్ కొరతపై జాతీయ రహదారిపై బైఠాయింపుమహబూబాబాద్, మే 3(ఈమాట):: నర్సింహులపేట మండలంలో గ్యాస్ కొరకు బుక్ చేసి పదిహేను రోజులు దాటినా సిలెండర్ రాక పోవడంతో….. ఆదివారం గ్యాస్ లారీ వస్తుందని సమాచారం తెలుసుకున్న వినియోగదారులు ఎదురు చూస్తూ అర్ధరాత్రి నుంచే తమ ఖాళీ సిలెండర్లతో గోదాం ముందర నిద్రించారు. తెల్లవారే వరకు లారీ రాకపోవడం, సంబంధించిన నిర్వాహకులు కూడా ఎవరూ లేక పోవడంతో.. సమాధానం చెప్పేవారు ఎవరూ లేరని వినియోగదారులు విసుగు చెంది ఆగ్రహంతో వరంగల్ -ఖమ్మం జాతీయ రహదారి పై […] #Bharataawaz #GasScarcity #GasShortage #NationalHighway #Protest Bharat Aawaz - The Voice Of India! News, Updates, Politics and More! #Telangana #Bharataawaz #GasScarcity #GasShortage #NationalHighway #Protest",Bharat Aawaz,bharataawaz,https://www.instagram.com/p/DX3kKnaDwfb/,1,,0,2026-05-03T07:31:05.000Z,,Bharataawaz,GasScarcity,GasShortage,NationalHighway,Protest,Telangana,,,,,,,,,,,,,,,,,,,,,,,,,,Instagram
#gasshortage,Abhinab Pattjoshi,abhinab.pattjoshi,https://www.instagram.com/p/DX3JxluCDD5/,0,,1,2026-05-03T03:40:29.000Z,,gasshortage,,,,,,,,,,,,,,,,,,,,,,,,,,,,,,,Instagram
"New gas connections banned nationwide, supply pressure forces major decision…

The government has decided to suspend new gas connections for domestic and commercial users across Pakistan, according to the Ministry of Petroleum. The move aims to manage declining gas reserves and rising demand, with officials prioritizing existing consumers and system stability. Experts say the decision could impact housing and business projects, pushing many toward alternatives like electricity or LPG.
.
.
.
(Pakistan gas connection ban, new gas policy Pakistan, energy crisis Pakistan gas shortage, Ministry of Petroleum decision, LPG electricity alternatives Pakistan)
#GasCrisisPK #EnergyUpdate #PakistanPolicy #GasShortage #thepixelpakistan",The Pixel Pakistan,thepixelpakistan,https://www.instagram.com/p/DX1QgCgANdV/,0,,1,2026-05-02T10:00:33.000Z,,GasCrisisPK,EnergyUpdate,PakistanPolicy,GasShortage,thepixelpakistan,,,,,,,,,,,,,,,,,,,,,,,,,,,Instagram
"Gas shortage-aala stress aa? 😓
Line-la nikka vendiyathu, delay, tension… romba kashtam dhaan!

🔥 Ippo solution irukku — Smart Cooking
💡 Wood-la run aagum, fast cooking, zero gas dependency

👨‍👩‍👧‍👦 Ungal veetukku:
✔ Strong fire
✔ Faster cooking
✔ Reliable everyday use
✔ Made for Indian homes 🇮🇳

👉 Gas problem-ku bye sollunga…
👉 Smart life-ku switch pannunga!

💬 “SMART” nu comment pannunga – full details share panrom!
(Smart cooking, wood stove, gas alternative, eco cooking, Indian kitchen, rural innovation, modern stove, cooking solution, gas shortage solution, sustainable living)
#SmartCooking #GasShortage #CookingSolution #EcoFriendlyLiving #MadeInIndia KitchenUpgrade IndianHomes",Invicti Wood Stove,invicti_pvt,https://www.instagram.com/p/DX1LntqEblJ/,2,,3,2026-05-02T09:18:05.000Z,,SmartCooking,GasShortage,CookingSolution,EcoFriendlyLiving,MadeInIndia,,,,,,,,,,,,,,,,,,,,,,,,,,,Instagram
"Pakistan government has restricted new gas connections nationwide due to increasing gas shortages. Time to shift towards alternative energy solutions like LPG and electricity

𝐅𝐨𝐫 𝐦𝐨𝐫𝐞 𝐝𝐞𝐭𝐚𝐢𝐥𝐬, 𝐑𝐞𝐚𝐝 𝐍𝐨𝐰:
https://techx.pk/pakistan-govt-gas-connection-ban-update/

𝐉𝐨𝐢𝐧 𝐮𝐬 𝐟𝐨𝐫 𝐦𝐨𝐫𝐞 𝐮𝐩𝐝𝐚𝐭𝐞𝐬:
https://chat.whatsapp.com/GJUpSH2ojFQ1HgNxODhZz5

#PakistanNews #GasCrisisPakistan #EnergyCrisis #GasShortage #PakistanUpdates #BreakingNewsPakistan #EnergyUpdate #LPGAlternative #ElectricitySolutions #NaturalGasPakistan #GovtAnnouncement",TechX Pakistan,techxpakistanofficial,https://www.instagram.com/p/DX0-IHdFjpj/,0,,0,2026-05-02T07:20:09.000Z,,PakistanNews,GasCrisisPakistan,EnergyCrisis,GasShortage,PakistanUpdates,BreakingNewsPakistan,EnergyUpdate,LPGAlternative,ElectricitySolutions,NaturalGasPakistan,GovtAnnouncement,,,,,,,,,,,,,,,,,,,,,Instagram
"حکومت ایک بار پھر ملک میں بڑھتے ہوئے گیس بحران کے پیشِ نظر گھریلو اور کمرشل صارفین کے لیے نئے گیس کنکشنز پر پابندی لگانے کی طرف بڑھ رہی ہے۔
حکام کے مطابق قدرتی گیس کے ذخائر میں کمی، آر ایل این جی سپلائی میں رکاوٹ اور بڑھتی ہوئی طلب نے اس فیصلے کو ناگزیر بنا دیا ہے۔ اس اقدام سے ہزاروں زیرِ التواء درخواستیں بھی متاثر ہو سکتی ہیں۔
اس فیصلے کا مقصد موجودہ صارفین کو ترجیح دینا اور جاری قلت کے دوران قومی گیس ترسیلی نظام کو مستحکم کرنا ہے۔
The government is reportedly moving once again to ban new gas connections for both domestic and commercial users as the country faces a worsening gas crisis. Officials say declining natural gas reserves, disruption in RLNG supply, and rising demand have forced authorities to take this step. Thousands of pending applications may also be affected. The decision aims to prioritize existing consumers and stabilize the national gas distribution system amid ongoing shortages.
#GasCrisis
#EnergyCrisis
#GasShortage
#BreakingNews
#GovernmentDecision
#PakistanEnergy
#NaturalGas
#LoadShedding
#EconomicCrisis
#PublicUpdate
#EnergyUpdate
#PakistanUpdates
#FuelCrisis
#CurrentAffairs",Pak News 24,paknews24.pk,https://www.instagram.com/p/DX0rdwFDB3Y/,0,,0,2026-05-02T04:37:04.000Z,,GasCrisis,EnergyCrisis,GasShortage,BreakingNews,GovernmentDecision,PakistanEnergy,NaturalGas,LoadShedding,EconomicCrisis,PublicUpdate,EnergyUpdate,PakistanUpdates,FuelCrisis,CurrentAffairs,,,,,,,,,,,,,,,,,,Instagram
"திருவான்மியூரில் 40 சிலிண்டர்கள் பதுக்கல்: இருவர் கைது!
#GasCylinder #GasShortage #Chennai #Kalakkalcinema",Kalakkal cinema,kalakkalcinema,https://www.instagram.com/p/DX0ndl3mNuv/,0,,11,2026-05-02T04:02:06.000Z,,GasCylinder,GasShortage,Chennai,Kalakkalcinema,,,,,,,,,,,,,,,,,,,,,,,,,,,,Instagram
Date 02.05.26 ka news gass ke dam bade #lpggas #GasShortage #indian #LPGPriceHike,Nitesh Kumar Yadav,niteshyadavmahua,https://www.instagram.com/p/DX0X-1VkiIt/,0,,4,2026-05-02T01:46:50.000Z,,lpggas,GasShortage,indian,LPGPriceHike,,,,,,,,,,,,,,,,,,,,,,,,,,,,Instagram
"India is witnessing a massive transition! ⚡ Chahe wo politics ho ya hamari energy security, cheezein bohot tezi se badal rahi hain.
​Iss carousel mein humne decode kiya hai 3 bade trends jo is waqt headlines mein hain:
​1️⃣ The Political Shift: Raghav Chadha aur 6 AAP MPs ka BJP join karna sirf ek 'switch' nahi hai, balki Rajya Sabha mein NDA ki taqat (141+ seats) ka naya chapter hai. 🏛️
2️⃣ The Energy Crunch: West Asia war ki wajah se global energy supply chain disturb hui hai, jiske karan Commercial LPG prices mein record ₹993 tak ka uchhaal aaya hai. ⛽📉
3️⃣ Election 2026: West Bengal se lekar Tamil Nadu tak, exit polls ek 'Hung Assembly' aur bade realignments ki taraf ishara kar rahe hain. 🗳️
​Desh ki dharak aur economics ko samajhne ke liye ye updates zaruri hain. Aapko kya lagta hai, inme se kaun sa factor India ki growth ko sabse zyada impact karega?
​👇 Comment your thoughts below!
​🚀 Follow @growthdecode.in for daily insights.
​#GrowthDecode #India2026 #RaghavChadha #GasShortage #LPGPriceHike ElectionTrends IndianEconomy WestBengalElections BreakingNewsIndia""",Growth Decode 💹,growthdecode.in,https://www.instagram.com/p/DXzYQgSD2Vn/,0,,0,2026-05-01T16:30:00.000Z,,GrowthDecode,India2026,RaghavChadha,GasShortage,LPGPriceHike,,,,,,,,,,,,,,,,,,,,,,,,,,,Instagram
"देशातील सामान्य कुटुंबांचे स्वयंपाकघर सुसह्य व्हावे यासाठी सरकार घरगुती गॅसवर विशेष सवलत आणि प्राधान्य देते. मात्र, दुर्दैवाने काही व्यावसायिक आणि रस्त्यावरील खाद्यविक्रेते सरकारचा हा उदात्त हेतू धुळीस मिळवत असल्याचे समोर आले आहे. व्यावसायिक सिलिंडरचे दर वाढल्याचा बनाव करून हे विक्रेते ग्राहकांकडून खाद्यपदार्थांचे जास्तीचे पैसे उकळतात आणि दुसरीकडे स्वतःचा नफा वाढवण्यासाठी छुप्या मार्गाने 'ब्लॅक'मध्ये घरगुती गॅस सिलिंडरचा वापर करतात. एका ताज्या आकडेवारीनुसार, देशातील सुमारे २२% ते २५% व्यावसायिक युनिट्स आणि पथविक्रेते घरगुती गॅसचा अनधिकृत वापर करून शासनाच्या डोळ्यात धूळ फेकत आहेत. या दुहेरी लूटमारीमुळे प्रामाणिक ग्राहकांचे नुकसान होत असून, हे रोखण्यासाठी आता प्रशासनाने अत्यंत कठोर पवित्रा घेतला आहे.

#HindusthanPost #IranWar #GasShortage #GasLeakage #HouseholdGas #Government #Household #IllegalGasShortage #BlackMarketing #MarathiNews #LatestUpdates",Hindusthan Post Marathi,hindusthanpostmarathi,https://www.instagram.com/p/DXzWvgECMBs/,0,,20,2026-05-01T16:16:47.000Z,,HindusthanPost,IranWar,GasShortage,GasLeakage,HouseholdGas,Government,Household,IllegalGasShortage,BlackMarketing,MarathiNews,LatestUpdates,,,,,,,,,,,,,,,,,,,,,Instagram
"No gas, no problem? A woman found an innovative way to cook rotis using a solar panel

#SolarPower #WomenEmpowerment #GasShortage #CleanEnergy #Innovation #SolarCooking #NTNDigital",NTN Digital,ntndigital,https://www.instagram.com/p/DXzWI8UCAIr/,0,,1,2026-05-01T16:11:29.000Z,,SolarPower,WomenEmpowerment,GasShortage,CleanEnergy,Innovation,SolarCooking,NTNDigital,,,,,,,,,,,,,,,,,,,,,,,,,Instagram
"بڑے دعوے تھے کہ ہم وفاق کی بجلی بند کر دیں گے۔گرڈ اسٹیشنز پر قبضے کر لیں گے۔ لیکن ہوا اس کے بالکل برعکس۔ وفاقی حکومت نے خیبر پختونخوا کے سی این جی اسٹیشنز کو گیس دینے سے صاف انکار کر دیا ہے۔
 خیبر پختونخوا حکومت بجلی تو بند نہ کر سکی، مگر وفاق نے صوبے کی گیس بند کر کے ٹرانسپورٹ پہ پہرہ بٹھا دیا۔
 600 کے قریب سی این جی اسٹیشنز بند، غریب رکشہ ڈرائیور اور مسافر دربدر۔
صوبائی مشیرِ خزانہ کو فون پر ""حکم"" سنا دی گئی۔
آئین کی دفعہ 158 کا راگ الاپنے والوں کے لیے یہ ایک بڑا دھچکا ہے۔ جب اپنے ہی پیدا کردہ وسائل (گیس) پر اختیار نہ رہے، تو دوسرے کی بجلی بند کرنے کی دھمکیاں صرف سیاسی بیانات ہی لگتی ہیں۔
سوال یہ ہے: کیا اب بھی ""گرڈ اسٹیشن"" کی چابی ملے گی یا عوام اسی طرح مہنگے پیٹرول اور بند گیس کے درمیان پستے رہیں گے؟
#KPK #CNGCrisis #FederalVsProvinicial #GasShortage #PoliticsUpdate",Basit Jannat,basitjannat0,https://www.instagram.com/p/DXzH9SbiDC_/,0,,0,2026-05-01T14:07:35.000Z,,KPK,CNGCrisis,FederalVsProvinicial,GasShortage,PoliticsUpdate,,,,,,,,,,,,,,,,,,,,,,,,,,,Instagram
"آبنائے ہرمز بند رہی تو دنیا کو تیل اور گیس کی شدید قلت کا سامنا کرنا پڑ سکتا ہے، جرمن چانسلر۔
#Azam #AzamKamboh #Azam11 #azam11.com #share_values_by_azam #StraitOfHormuz #EnergyCrisis #OilPrices #GasShortage #GlobalEconomy #MiddleEast #Geopolitics #EnergySecurity #WorldNews #BreakingNews",www.azam11.com,azam11tv,https://www.instagram.com/p/DXyxvsrjYvJ/,0,,1,2026-05-01T10:53:28.000Z,,Azam,AzamKamboh,Azam11,azam11.com,share_values_by_azam,StraitOfHormuz,EnergyCrisis,OilPrices,GasShortage,GlobalEconomy,MiddleEast,Geopolitics,EnergySecurity,WorldNews,BreakingNews,,,,,,,,,,,,,,,,,Instagram
"Switching back Chulha mode while the world runs on ""empty cylinder ""
.
.
.
.
#LPGCrisis #GasShortage #ᴠɪʀᴀʟᴘᴏsᴛ #india #government",Mutual fund clinic,mutual_fund_clinic,https://www.instagram.com/p/DXyqqnfjxXf/,0,,2,2026-05-01T09:51:36.000Z,,LPGCrisis,GasShortage,ᴠɪʀᴀʟᴘᴏsᴛ,india,government,,,,,,,,,,,,,,,,,,,,,,,,,,,Instagram
"Hello everyone! Due to a temporary gas shortage, Amcho Koliwado will remain closed for a short period. We sincerely appreciate your patience and continuous support, and we’ll be reopening very soon to serve you your favorite fresh seafood again. Thank you for standing by us 🙏

#AmchoKoliwado #ReopeningSoon #GasShortage",Amcho Koliwado,amchokoliwado,https://www.instagram.com/p/DXyN-xjiMZj/,0,,3,2026-05-01T05:40:57.000Z,,AmchoKoliwado,ReopeningSoon,GasShortage,,,,,,,,,,,,,,,,,,,,,,,,,,,,,Instagram
"শুভ সকাল 
গ্যাসের দাম বাড়লো অর্থাৎ গৃহস্থলী গ্যাস নয় বাণিজ্যিক গ্যাসের দাম বেড়ে তিন হাজার দুশ দু টাকা হল।

#GasShortage 
#gasprices 
#GasCylinder 
#GasPriceHike",Hasnatzaman Mandal,mandalzaman,https://www.instagram.com/p/DXx0IcAiS4h/,0,,0,2026-05-01T01:55:05.000Z,,GasShortage,gasprices,GasCylinder,GasPriceHike,,,,,,,,,,,,,,,,,,,,,,,,,,,,Instagram
"وزارت پیٹرولیم نے ملک بھر میں گھریلو اور کمرشل گیس(Commercial & Residential) کے نئے کنکشنز(New Gas Connections) فراہم کرنے پر فوری پابندی عائد کرنے کا بڑا فیصلہ کیا ہے۔

حکام کے مطابق یہ قدم ایل این جی (LNG) کی عالمی سپلائی میں خلل اور ملک میں گیس کی بڑھتی ہوئی قلت کے پیش نظر اٹھایا گیا ہے۔

اس فیصلے کے تحت تمام زیر التوا درخواستوں پر عملدرآمد روک دیا گیا ہے اور ارجنٹ واؤچر جمع کروانے والے صارفین کو بھی اب مزید انتظار کرنا ہوگا۔

ذرائع کا کہنا ہے کہ یہ پابندی عارضی ہے، تاہم سپلائی کی صورتحال بہتر نہ ہونے کی صورت میں اسے مزید طویل کیا جا سکتا ہے۔

یہ پابندی ایک ایسے وقت میں لگائی گئی ہے جب چند ماہ قبل ہی گیس کے نئے کنکشنز دینے کا عمل دوبارہ شروع کیا گیا تھا۔

حکومت نے گیس کمپنیوں(Gas Companies) کو ہدایت کی ہے کہ موجودہ صارفین کو گیس کی فراہمی یقینی بنانے کے لیے فی الحال نئے بوجھ سے گریز کیا جائے۔

Disclaimer: This post is for informational purposes only, based on public sources. It does not intend to defame or incite. We remain neutral and open to any factual corrections.

 #BreakingNews #PakistanUpdates #GasConnections #PetroleumMinistry #EnergyShortage #PublicAlert #SNGPL #SSGC #GasShortage",News & Views,newsviews786,https://www.instagram.com/p/DXwzehJjPe8/,0,,1,2026-04-30T16:30:08.000Z,,BreakingNews,PakistanUpdates,GasConnections,PetroleumMinistry,EnergyShortage,PublicAlert,SNGPL,SSGC,GasShortage,,,,,,,,,,,,,,,,,,,,,,,Instagram
"⚠️ Karachi Residents Reportedly Turn to Unusual Methods Amid Gas Shortage 😮💨
Karachi is once again facing a severe gas shortage, and reports suggest that some residents are using unconventional ways to store and manage gas during the crisis. The situation has sparked widespread concern on social media, highlighting the growing pressure on daily life and basic utilities in the city. 👀⛽
As the shortage continues, citizens are questioning how long this disruption will last and what immediate steps will be taken to ease the situation. ⏳
#EnvisionPakistan #KarachiNews #GasShortage #BreakingNews #ViralNews #PakistanUpdate",Envision Pakistan,envisionpakistan,https://www.instagram.com/p/DXwzcgzDRGo/,0,,2,2026-04-30T16:29:51.000Z,,EnvisionPakistan,KarachiNews,GasShortage,BreakingNews,ViralNews,PakistanUpdate,,,,,,,,,,,,,,,,,,,,,,,,,,Instagram
"April month highlights kavali ante swipe cheyandi👉↪️➡️
.
.
April 2026 highlights include high-scoring IPL 2026 cricket matches, with Sunrisers Hyderabad defeating Mumbai Indians in a 244-run chase, strong quarterly corporate earnings from Vedanta and IOB, and a 95.15% pass rate for the Telangana SSC 10th exams. WWE action saw Roman Reigns challenging Jacob Fatu, while MasterChef Australia returned for a new season
.
#gasshortage #fuelshortage #ipl2026 #telugumemes #aprilhighlights",MEMER OF INDIA🇮🇳,memer_of.india,https://www.instagram.com/p/DXwx1JriV-T/,34,,1077,2026-04-30T16:15:44.000Z,,gasshortage,fuelshortage,ipl2026,telugumemes,aprilhighlights,,,,,,,,,,,,,,,,,,,,,,,,,,,Instagram
"In parts of Karachi, especially Mominabad (Orangi Town), severe gas shortages and prolonged load shedding are pushing residents toward risky survival methods, such as storing natural gas in plastic balloons for cooking. What may seem like a temporary fix poses serious safety hazards, highlighting the urgency for reliable energy solutions in densely populated communities.

#KarachiCrisis #GasShortage #EnergyCrisis #PakistanNews",316ZONE,316zone,https://www.instagram.com/p/DXwwKccjPls/,0,,0,2026-04-30T16:01:10.000Z,,KarachiCrisis,GasShortage,EnergyCrisis,PakistanNews,,,,,,,,,,,,,,,,,,,,,,,,,,,,Instagram
"Federal government excuses itself from providing gas to CNG stations in Pakhtunkhwa, sources.

#CNGCrisis #GasShortage #KhyberPakhtunkhwa #EnergyCrisis #PakistanEnergy #CNGStations #GasSupply #PublicIssues #BreakingNews #PakistanNews #GovtPolicy #khabraindigital",Khabrain Digital,khabraindigital,https://www.instagram.com/p/DXwiOBjDIKI/,0,,440,2026-04-30T13:59:19.000Z,,CNGCrisis,GasShortage,KhyberPakhtunkhwa,EnergyCrisis,PakistanEnergy,CNGStations,GasSupply,PublicIssues,BreakingNews,PakistanNews,GovtPolicy,khabraindigital,,,,,,,,,,,,,,,,,,,,Instagram
"وفاقی حکومت کا ملک بھر میں نئے گھریلو اور کمرشل صارفین کے لیے گیس کنکشن پر پابندی کا فیصلہ

#GasConnectionBan #Pakistan #EnergyCrisis #GasShortage #GovtDecision #BreakingNews #PakistanNews #EnergyPolicy #DomesticConsumers #CommercialUsers #PublicRelief #Utilities #EnergySector",ghazwa news,ghazwanews,https://www.instagram.com/p/DXwc2BijGBU/,0,,0,2026-04-30T13:12:21.000Z,,GasConnectionBan,Pakistan,EnergyCrisis,GasShortage,GovtDecision,BreakingNews,PakistanNews,EnergyPolicy,DomesticConsumers,CommercialUsers,PublicRelief,Utilities,EnergySector,,,,,,,,,,,,,,,,,,,Instagram
"Amid ongoing gas shortages, residents in Karachi have reportedly started storing gas in balloons as a temporary solution to manage daily needs. The unusual method highlights the severity of the crisis and the challenges faced by households.

Experts warn that such practices can be extremely dangerous, urging authorities to address supply issues and ensure safe alternatives for the public.

📌 Disclaimer: This post is for informational and public awareness purposes only. Image is AI-generated and just for reference.

#Karachi #GasShortage #PublicIssues #SafetyAlert #Pakistan #Nextuppakistann",Nextup Pakistan,nextuppakistan,https://www.instagram.com/p/DXwbr3UlAIH/,0,,0,2026-04-30T13:02:14.000Z,,Karachi,GasShortage,PublicIssues,SafetyAlert,Pakistan,Nextuppakistann,,,,,,,,,,,,,,,,,,,,,,,,,,Instagram
"کراچی کے رہائشی گیس کی قلت کے باعث غباروں میں گیس ذخیرہ کرنے لگے

کراچی کے مختلف علاقوں، خاص طور پر اورنگی ٹاؤن اور ملحقہ آبادیوں میں گیس کی شدید قلت اور طویل لوڈشیڈنگ کے باعث شہریوں نے اپنی روزمرہ کی ضروریات پوری کرنے کے لیے ایک انتہائی خطرناک اور جان لیوا طریقہ اپنا لیا ہے۔ گیس کی مسلسل عدم دستیابی سے تنگ آ کر اب رہائشی پلاسٹک کے بڑے غباروں میں گیس ذخیرہ کرنے پر مجبور ہو گئے ہیں۔

تفصیلات کے مطابق، دن کے جس حصے میں کچھ دیر کے لیے گیس بحال ہوتی ہے، شہری ان مخصوص بڑے غباروں کو براہ راست گیس پائپ لائن سے جوڑ کر بھر لیتے ہیں تاکہ اسے بعد میں کھانا پکانے کے لیے استعمال کیا جا سکے۔ یہ غبارے مقامی مارکیٹوں میں ایک ہزار سے پندرہ سو روپے کے عوض باآسانی فروخت ہو رہے ہیں اور لوگ مجبوری میں انہیں خرید رہے ہیں۔

دوسری جانب حفاظتی ماہرین نے اس عمل پر شدید تشویش کا اظہار کرتے ہوئے اسے انتہائی خطرناک قرار دیا ہے۔ ان کے مطابق، گیس سے بھرے ان غباروں کو گھروں کے اندر رکھنا کسی بھی وقت ایک بڑے دھماکے کا سبب بن سکتا ہے۔ تھوڑی سی حرارت یا چنگاری سے یہ غبارے چلتے پھرتے بم ثابت ہو سکتے ہیں۔ ماہرین نے متعلقہ حکام سے فوری نوٹس لینے اور گیس کی بلا تعطل فراہمی کی اپیل کی ہے تاکہ کسی بھی ممکنہ سانحے سے بچا جا سکے۔

#KarachiGasCrisis #GasShortage #KarachiNews #EnergyCrisis #Newscuff #Newscuffpk",News Cuff,newscuffpk,https://www.instagram.com/p/DXwboDGgU72/,3,,192,2026-04-30T13:01:43.000Z,,KarachiGasCrisis,GasShortage,KarachiNews,EnergyCrisis,Newscuff,Newscuffpk,,,,,,,,,,,,,,,,,,,,,,,,,,Instagram
"وفاقی حکومت نے خیبر پختونخوا کو سی این جی اسٹیشنز کیلئےگیس دینے سے انکار کردیا
#CNGCrisis #KPKNews #GasShortage #PakistanEnergy #WatchPakistan",Watch Pakistan,watchpakistan007,https://www.instagram.com/p/DXwPAxjlwpq/,0,,0,2026-04-30T11:11:30.000Z,,CNGCrisis,KPKNews,GasShortage,PakistanEnergy,WatchPakistan,,,,,,,,,,,,,,,,,,,,,,,,,,,Instagram
"Residents in Karachi have resorted to storing natural gas in large plastic balloons due to persistent shortages and supply issues. This unconventional and hazardous method highlights the severity of the ongoing energy crisis affecting households across the city.

#pehlapkistan #KarachiNews #GasShortage #EnergyCrisis #PakistanUpdates #BreakingNews #KarachiLife #UtilityCrisis

Disclaimer: Storing gas in plastic bags or balloons is extremely dangerous and poses a severe risk of fire or explosion. This information is for news reporting purposes only and does not endorse such practices.",Pehle Pakistan,pehlepakistanofficial,https://www.instagram.com/p/DXv7HDjCjr1/,0,,0,2026-04-30T08:17:36.000Z,,pehlapkistan,KarachiNews,GasShortage,EnergyCrisis,PakistanUpdates,BreakingNews,KarachiLife,UtilityCrisis,,,,,,,,,,,,,,,,,,,,,,,,Instagram
"2011 এ ছিল মাথায়
2016 এ এল হাতে
2021 এ পায়ে
আর 2026 এ সব ঠিক আছে মানে কন্যা বিদায় শুধু সময়ের অপেক্ষা

#WarAlertOnABP #iranisraelwar #Mumbai #Gujrat #LPGCylinder #LPGCrisis #ABPNews",Chintan Roy Madhumalti,madhumalti.bytecard.in,https://www.instagram.com/p/DX6QzfeimVM/,0,,0,2026-05-04T08:39:35.000Z,,WarAlertOnABP,iranisraelwar,Mumbai,Gujrat,LPGCylinder,LPGCrisis,ABPNews,,,,,,,,,,,,,,,,,,,,,,,,,Instagram
#WarAlertOnABP #iranisraelwar #Mumbai #Gujrat #LPGCylinder #LPGCrisis #ABPNews,Chintan Roy Madhumalti,madhumalti.bytecard.in,https://www.instagram.com/p/DX6P2JYCk98/,0,,0,2026-05-04T08:31:13.000Z,,WarAlertOnABP,iranisraelwar,Mumbai,Gujrat,LPGCylinder,LPGCrisis,ABPNews,,,,,,,,,,,,,,,,,,,,,,,,,Instagram
"10:30 વાગ્યાની ચૂંટણી અપડેટ્સ દક્ષિણમાં મોટો ઉલટફેર

#WarAlertOnABP #iranisraelwar #Mumbai #Gujrat #LPGCylinder #LPGCrisis #ABPNews",Chintan Roy Madhumalti,madhumalti.bytecard.in,https://www.instagram.com/p/DX6AjJbimYo/,0,,0,2026-05-04T06:17:33.000Z,,WarAlertOnABP,iranisraelwar,Mumbai,Gujrat,LPGCylinder,LPGCrisis,ABPNews,,,,,,,,,,,,,,,,,,,,,,,,,Instagram
"પશ્ચિમ બંગાળમાં ખેલા હોબે !

મમતાના ગઢમાં મોદી નીકળ્યા આગળ!

#WarAlertOnABP #iranisraelwar #Mumbai #Gujrat #LPGCylinder #LPGCrisis #ABPNews",Chintan Roy Madhumalti,madhumalti.bytecard.in,https://www.instagram.com/p/DX57KQripgB/,0,,0,2026-05-04T05:30:27.000Z,,WarAlertOnABP,iranisraelwar,Mumbai,Gujrat,LPGCylinder,LPGCrisis,ABPNews,,,,,,,,,,,,,,,,,,,,,,,,,Instagram
"Gas cylinder prices in Udaipur have seen a sharp rise over the last 5 months.

In December 2025, a commercial LPG cylinder cost around ₹1608, and by May 2026, it has increased to nearly ₹3099.

👉 That’s a massive ₹1400 increase in just 5 months
This price hike is now clearly affecting daily life in the city:

🍽️ Hotels & Restaurants
Food prices have increased by around 10%–15%
In many places, portion sizes have been reduced

🏠 PGs & Students
Monthly expenses have gone up by ₹800–₹1000
Some PGs have increased food charges or limited meals

🥘 Street Vendors & Small Eateries
Forced to increase prices
Or reduce quantity to manage costs

#udaipur #udaipurupdate #cityoflakes 
#dailyupdates #lpgcrisis",Udaipur 24 hrs,udaipur24hrs,https://www.instagram.com/p/DX5rLuGE9Ic/,0,,-1,2026-05-04T03:10:50.000Z,,udaipur,udaipurupdate,cityoflakes,dailyupdates,lpgcrisis,,,,,,,,,,,,,,,,,,,,,,,,,,,Instagram
"ಗ್ಯಾಸ್‌ ಸಿಲಿಂಡರ್‌ ಬೆಲೆ ಗಗನಕ್ಕೇರಿದರೂ ಬಾಯಿಗೆ ಬೀಗ ಹಾಕಿ ಕುಳಿತ ಮಹಾನುಭಾವರು...

#LPGCrisis #bjpkarnataka #RAshok #BYVijayendra #PralhadJoshi TejaswiSurya ShobhaKarandlaje",Kumar Singh,kumar_singh_75,https://www.instagram.com/p/DX5n17eiXcw/,0,,0,2026-05-04T02:41:39.000Z,,LPGCrisis,bjpkarnataka,RAshok,BYVijayendra,PralhadJoshi,,,,,,,,,,,,,,,,,,,,,,,,,,,Instagram
"भारत में अब खत्म होगा गैस का संकट ,45 हजार टन आ रहा है गैस #lpgcrisis #harmonize #straightofhormuz #iran #ind_ianews26",INDIANEWS26,ind_ianews26,https://www.instagram.com/p/DX4j5yzAU6J/,0,,1,2026-05-03T16:47:59.000Z,,lpgcrisis,harmonize,straightofhormuz,iran,ind_ianews26,,,,,,,,,,,,,,,,,,,,,,,,,,,Instagram
"US Iran war news LIVE: India-bound LPG tanker clears Strait of Hormuz, heading for Visakhapatnam..🚀
.
.
#usiranwar #BreakingNews  #LPGCrisis #hormuz #energysecurity",Sarcasm Lobby,sarcasmlobby,https://www.instagram.com/p/DX4a44ukeK_/,0,,-1,2026-05-03T15:29:13.000Z,,usiranwar,BreakingNews,LPGCrisis,hormuz,energysecurity,,,,,,,,,,,,,,,,,,,,,,,,,,,Instagram
"US Iran war news LIVE: India-bound LPG tanker clears Strait of Hormuz, heading for Visakhapatnam..🔥
.
.
#usiranwar #breakingnews #indianews #lpgcrisis #hormuz",Mr. Desi-Memer,mr.desimemer,https://www.instagram.com/p/DX4aUO5k628/,0,,-1,2026-05-03T15:24:15.000Z,,usiranwar,breakingnews,indianews,lpgcrisis,hormuz,,,,,,,,,,,,,,,,,,,,,,,,,,,Instagram
"जब पश्चिम एशिया युद्ध की आग में झुलस रहा है और अमेरिका-ईरान की तनातनी से समुद्र में सन्नाटा है, तब भारत ने अपने बेहतरीन कूटनीतिक कौशल का लोहा मनवाया है. 45,000 टन एलपीजी (LPG) यानी रसोई गैस से लदा विशालकाय सुपरटैंकर ‘सर्व शक्ति’ होर्मुज जलडमरूमध्य (Strait of Hormuz) की नाकेबंदी को पार करने की कोशिश कर रहा है.

#LPGCrisis | #StraitOfHormuz | #veritasvoices",Veritas Voices|,veritasvoices001,https://www.instagram.com/p/DX4Blf7E9kB/,0,,3,2026-05-03T11:48:05.000Z,,LPGCrisis,StraitOfHormuz,veritasvoices,,,,,,,,,,,,,,,,,,,,,,,,,,,,,Instagram
"2 महीने में ₹1325 बढ़ा LPG सिलेंडर का रेट, पेट्रोल-डीजल 4 साल पुराने रेट पर बिक रहा, जब दोनों आयात पर टिके फिर एक का ही दाम क्यों बढ़ रहा ?

वैश्विक तनाव के कारण LPG की कमर्शियल कीमतों में 2 महीने में ₹1325 की बड़ी बढ़ोतरी की गई है, जबकि पेट्रोल-डीजल की कीमतें 4 साल से लगभग स्थिर हैं। इसका मुख्य कारण चुनाव और राजनीतिक दबाव में तेल कंपनियों पर सरकारी नियंत्रण है, जिससे उन्हें लगातार नुकसान उठाना पड़ रहा है, जबकि LPG को ""बाजार मूल्य"" के हवाले कर दिया गया है।

राजनीतिक और आर्थिक दबाव: पेट्रोल-डीजल की कीमतों पर जनता का सीधा और बड़ा असर पड़ता है। पिछले 4 साल से, सरकार ने तेल कंपनियों को वैश्विक कीमतों में वृद्धि के बावजूद घरेलू दरें न बढ़ाने का दबाव बनाए रखा है, जिससे कंपनियों पर वित्तीय भार बढ़ गया है।
कमर्शियल बनाम घरेलू LPG: हालिया बड़ी बढ़ोतरी मुख्य रूप से 19 किलो वाले कमर्शियल LPG सिलेंडर में हुई है, जबकि घरेलू सिलेंडर की दरों में वृद्धि तुलनात्मक रूप से कम या नियंत्रित होती है।
अंतरराष्ट्रीय बाजार में अस्थिरता: मिडिल ईस्ट में जारी तनाव के कारण अंतरराष्ट्रीय बाजार में कच्चे तेल और गैस की कीमतें लगातार बढ़ रही हैं, जिससे आयात महंगा हो गया है।
आगामी फैसले: तेल कंपनियों का घाटा बढ़ने के कारण, अब यह संकेत दिए जा रहे हैं कि पेट्रोल-डीजल के दाम भी जल्द ही ₹4-5 प्रति लीटर तक बढ़ाए जा सकते हैं।
#newsfeed #newsupdate #newstoday ##lpgcrisis",Truth india live,truthindia.live,https://www.instagram.com/p/DX3wYwRk78W/,0,,0,2026-05-03T09:17:51.000Z,,newsfeed,newsupdate,newstoday,#lpgcrisis,,,,,,,,,,,,,,,,,,,,,,,,,,,,Instagram
#LPGPriceHike #LPGGasCylinder #LPGCrisis #PriceHike,अमलेश कुमार,amlesh_amal,https://www.instagram.com/p/DX3hHGBj1v5/,0,,0,2026-05-03T07:04:19.000Z,,LPGPriceHike,LPGGasCylinder,LPGCrisis,PriceHike,,,,,,,,,,,,,,,,,,,,,,,,,,,,Instagram
"Since early March, dyeing units in Banaras have been facing a severe commercial LPG
shortage.

HKV Benaras is responding by installing an electric boiler system and exploring solar water heating to reduce fuel dependence and keep production running.

This kind of hybrid approach can help dyeing units manage immediate disruptions while
planning long-term transitions toward cleaner energy.

If LPG shortages are affecting your dyeing work and you would like to explore alternatives, fill the form and connect with us.
.
.
.
#CreativeDignity #DyeingClusters #HandloomIndia 
#EnergyTransition #lpgcrisis",CreativeDignity,creativedignity,https://www.instagram.com/p/DX3g_rHjRg7/,0,,53,2026-05-03T07:03:18.000Z,,CreativeDignity,DyeingClusters,HandloomIndia,EnergyTransition,lpgcrisis,,,,,,,,,,,,,,,,,,,,,,,,,,,Instagram
"સામાન્ય કામદાર ડૂબતા લોકો માટે 'દેવદૂત' બન્યો

4 પરિવારોના કુળદીપક બુઝાતા બચાવ્યા""

એક દુઃખદ ક્રુઝ શિપ અકસ્માત માં રમઝાન

#WarAlertOnABP #iranisraelwar #Mumbai #Gujrat #LPGCylinder #LPGCrisis #ABPNews",Chintan Roy Madhumalti,madhumalti.bytecard.in,https://www.instagram.com/p/DX3JKWZCslM/,0,,1,2026-05-03T03:35:04.000Z,,WarAlertOnABP,iranisraelwar,Mumbai,Gujrat,LPGCylinder,LPGCrisis,ABPNews,,,,,,,,,,,,,,,,,,,,,,,,,Instagram
"રેડ કોર્નર નોટિસના આધારે યુએઈમાં ધરપકડ સીબીઆઈએ રૂ. ૨,૬૭૨ કરોડના કૌભાંડી કમલેશ પારેખ સહિત બેને વિદેશથી પકડ્યા

#WarAlertOnABP #iranisraelwar #Mumbai #Gujrat #LPGCylinder #LPGCrisis #ABPNews",Chintan Roy Madhumalti,madhumalti.bytecard.in,https://www.instagram.com/p/DX3GbPnijx0/,0,,1,2026-05-03T03:11:10.000Z,,WarAlertOnABP,iranisraelwar,Mumbai,Gujrat,LPGCylinder,LPGCrisis,ABPNews,,,,,,,,,,,,,,,,,,,,,,,,,Instagram
"મેયર પદ કોને મળશે, સુરતી કે સૌરાષ્ટ્રવાસી, રસાકસીની સંભાવના

મેયર સહિતના પદાધિકારીઓની નિમણૂક

કરવા માટે ભાજપમાં સેન્સ પ્રક્રિયા પૂરી

#WarAlertOnABP #iranisraelwar #Mumbai #Gujrat #LPGCylinder #LPGCrisis #ABPNews",Chintan Roy Madhumalti,madhumalti.bytecard.in,https://www.instagram.com/p/DX3Fv5MinfH/,0,,0,2026-05-03T03:05:15.000Z,,WarAlertOnABP,iranisraelwar,Mumbai,Gujrat,LPGCylinder,LPGCrisis,ABPNews,,,,,,,,,,,,,,,,,,,,,,,,,Instagram
"ಸಾಮಾನ್ಯ ಜನರ ಕಷ್ಟಗಳ ಬಗ್ಗೆ ಆಡಳಿತ ಪಕ್ಷಕ್ಕಿರುವ ಕಾಳಜಿ ಚುನಾವಣಾ ಗಿಮಿಕ್‌ಗಳಿಗೆ ಸೀಮಿತವಾಗಿದೆ. ಚುನಾವಣೆ ಮುಗಿದ ತಕ್ಷಣ ಎಲ್‌ಪಿಜಿ ಸಿಲಿಂಡ‌ರ್ ದರ ಹೆಚ್ಚಿಸಲು ಮೋದಿ ಸರ್ಕಾರ ಸಮಯ ವ್ಯರ್ಥ ಮಾಡಲಿಲ್ಲ.

#LPGCrisis #BJPHataoDeshBachao #modihataodeshbachao #KCVenugopal",Maheboob Pasha,maheboobpasha111,https://www.instagram.com/p/DX2uvXlmDa_/,0,,0,2026-05-02T23:44:11.000Z,,LPGCrisis,BJPHataoDeshBachao,modihataodeshbachao,KCVenugopal,,,,,,,,,,,,,,,,,,,,,,,,,,,,Instagram
"खत्म होगा गैस संकट, भारत आ रही 45 हजार टन रसोई गैस! 
जब पश्चिम एशिया युद्ध की आग में झुलस रहा है और अमेरिका-ईरान की तनातनी से समुद्र में सन्नाटा है, तब भारत ने अपने बेहतरीन कूटनीतिक कौशल का लोहा मनवाया है. 45,000 टन एलपीजी (LPG) यानी रसोई गैस से लदा विशालकाय सुपरटैंकर ‘सर्व शक्ति’ होर्मुज जलडमरूमध्य (Strait of Hormuz) की नाकेबंदी को पार करने की कोशिश कर रहा है. 

#LPGCrisis #StraitOfHormuz",Metro Mumbai News,metromumbailivenews,https://www.instagram.com/p/DX1z6ZgD5wI/,0,,4,2026-05-02T15:10:08.000Z,,LPGCrisis,StraitOfHormuz,,,,,,,,,,,,,,,,,,,,,,,,,,,,,,Instagram
"जब पश्चिम एशिया युद्ध की आग में झुलस रहा है और अमेरिका-ईरान की तनातनी से समुद्र में सन्नाटा है, तब भारत ने अपने बेहतरीन कूटनीतिक कौशल का लोहा मनवाया है. 45,000 टन एलपीजी (LPG) यानी रसोई गैस से लदा विशालकाय सुपरटैंकर ‘सर्व शक्ति’ होर्मुज जलडमरूमध्य (Strait of Hormuz) की नाकेबंदी को पार करने की कोशिश कर रहा है.
#LPGCrisis | #StraitOfHormuz | #India #ALLINDIANEWS8518",ALLINDIANEWS8518,allindianews8518,https://www.instagram.com/p/DX1p1AHjLjt/,0,,0,2026-05-02T13:42:02.000Z,,LPGCrisis,StraitOfHormuz,India,ALLINDIANEWS8518,,,,,,,,,,,,,,,,,,,,,,,,,,,,Instagram
"ന്യൂസ് അവർ ഇന്ന് രാത്രി എട്ട് മണിക്ക് 

#NewsHour #FuelPrice #LPGCrisis #IranWar",Asianet News,asianetnews,https://www.instagram.com/p/DX1k-JgE_Kt/,2,,81,2026-05-02T12:59:35.000Z,,NewsHour,FuelPrice,LPGCrisis,IranWar,,,,,,,,,,,,,,,,,,,,,,,,,,,,Instagram
"हुंकार
महंगी थाली... जेब खाली!
शाम 6:00 बजे सोहन सिंह के साथ
सिर्फ #tnpnews पर 

#LPGCrisis #IndianEconomy #LpgpriceHike",Tnp News,tnpnewsnetwork,https://www.instagram.com/p/DX1bB01Envj/,0,,1,2026-05-02T11:32:41.000Z,,tnpnews,LPGCrisis,IndianEconomy,LpgpriceHike,,,,,,,,,,,,,,,,,,,,,,,,,,,,Instagram
"जब पश्चिम एशिया युद्ध की आग में झुलस रहा है और अमेरिका-ईरान की तनातनी से समुद्र में सन्नाटा है, तब भारत ने अपने बेहतरीन कूटनीतिक कौशल का लोहा मनवाया है. 45,000 टन एलपीजी (LPG) यानी रसोई गैस से लदा विशालकाय सुपरटैंकर ‘सर्व शक्ति’ होर्मुज जलडमरूमध्य (Strait of Hormuz) की नाकेबंदी को पार करने की कोशिश कर रहा है.

 

#LPGCrisis | #StraitOfHormuz | #TV9Card 

( LPG, Crisis, Strait Of Hormuz )",TV9 Bharatvarsh,tv9bharatvarsh,https://www.instagram.com/p/DX1ZjS5kzDp/,116,,15153,2026-05-02T11:19:47.000Z,,LPGCrisis,StraitOfHormuz,TV9Card,,,,,,,,,,,,,,,,,,,,,,,,,,,,,Instagram
"சிலிண்டர் விலை உயர்வால் தமிழ்நாட்டில் விடுதி கட்டணம் உயர்கிறது. விடுதிகளில் இருக்கும் கூடுதல் வசதிகளை பொறுத்து கட்டணங்களில் மாற்றம் இருக்கக்கூடும். 

#LPGCrisis #Hostel #Fees #TherkinKural",தெற்கின் குரல்,therkinkural,https://www.instagram.com/p/DX1UnNhkwlF/,0,,1,2026-05-02T10:36:38.000Z,,LPGCrisis,Hostel,Fees,TherkinKural,,,,,,,,,,,,,,,,,,,,,,,,,,,,Instagram
"When energy supply shocks hit, the crisis doesn’t stop at economics—it spills into homes, health, and the environment.

A 30% drop in LPG supply isn’t just a number. It means millions pushed back to traditional fuels, rising indoor pollution, and a step backward in clean energy progress.

What starts as geopolitics… ends up as an environmental and human crisis.

#LPGCrisis #EnergySecurity #CleanCooking #Sustainability #India",The Sustain Wise,thesustainwise,https://www.instagram.com/p/DX1S-_ZE7-u/,0,,-1,2026-05-02T10:22:24.000Z,,LPGCrisis,EnergySecurity,CleanCooking,Sustainability,India,,,,,,,,,,,,,,,,,,,,,,,,,,,Instagram
"▶️ईरान युद्ध और होर्मुज जलडमरूमध्य बंद होने की आशंका से देश में एलपीजी गैस की किल्लत नजर आने लगी है।
▶️सरकार ने हाल ही में 5 किलो छोटे गैस सिलेंडर की कीमत में 261 रुपये बढ़ोतरी की है।
▶️कमर्शियल गैस सिलेंडर पर करीब 1000 रुपये की बढ़ोतरी की गई है।
▶️लोगों को डर है कि जल्द पेट्रोल और डीजल के दाम भी बढ़ सकते हैं।
▶️इस बीच राहत की खबर सामने आई है।
▶️रिपोर्ट के मुताबिक, भारत का एक सुपरटैंकर 45,000 टन एलपीजी गैस लेकर होर्मुज क्षेत्र से गुजर रहा है।
▶️टैंकर के भारत पहुंचने पर गैस सप्लाई में राहत मिलने की उम्मीद है।
▶️हालांकि अभी यह साफ नहीं है कि टैंकर पूरी तरह होर्मुज पार कर चुका है या नहीं। 

पूरी खबर पढ़ें : LINK IN BIO

#LPGCrisis #StraitOfHormuz 

देश-दुनिया की खबरें पढ़ने के लिए अभी डाउनलोड करें 'Hindustan App'",hindustan,livehindustan,https://www.instagram.com/p/DX1D1-gCZg1/,11,,2515,2026-05-02T08:10:06.000Z,,LPGCrisis,StraitOfHormuz,,,,,,,,,,,,,,,,,,,,,,,,,,,,,,Instagram
"Restaurant food prices are likely to surge, with staples like idli, dosa, and pongal expected to become up to 40% costlier following a steep hike in commercial LPG cylinder rates.

#news #chennai #lpgcrisis #chennairestaurants #chennailive",Chennai Live,chennailive1048,https://www.instagram.com/p/DX0zm68kWdN/,106,,971,2026-05-02T05:48:14.000Z,,news,chennai,lpgcrisis,chennairestaurants,chennailive,,,,,,,,,,,,,,,,,,,,,,,,,,,Instagram
"#LPGcrisis | Leader of Opposition and Congress leader #RahulGandhi on Friday alleged that domestic inflationary pressures were expected to rise after the elections, pointing to a sharp increase in the price of commercial LPG cylinders.

[LPG, Congress, Rahul Gandhi, Prime Minister Narendra Modi]",Kashmir Crown,kashmircrown,https://www.instagram.com/p/DX0s2j8Dz_A/,1,,-1,2026-05-02T04:49:12.000Z,,LPGcrisis,RahulGandhi,,,,,,,,,,,,,,,,,,,,,,,,,,,,,,Instagram
"মধ্যপ্রাচ্যে যু'দ্ধের প্রভাবে বৈশ্বিক বাণিজ্য ক্ষ'তিগ্র'স্ত হওয়ায় জ্বালানি ও খনিজ সম্পদ খাতে সহযোগিতা বাড়ানোর ঘোষণা দিয়েছে অস্ট্রেলিয়া ও জাপান। 

ক্যানবেরায় এক বৈঠকে প্রধানমন্ত্রী অ্যান্থনি আলবানিজ ও সানায়ে তাকাইচি ভবিষ্যতে যেকোনো অর্থনৈতিক সংকট ও অনিশ্চয়তা মোকাবিলায় একত্রে কাজ করার অঙ্গীকার ব্যক্ত করেন....

#AustraliaJapanDeal #EnergySecurity #CriticalMinerals #GlobalTrade #SupplyChain #CleanEnergy #AustraliaNews #JapanEconomy #Dhakatoday #Dhakatodaynews

""সর্বশেষ খবর পেতে"" Dhaka Today",DHAKA TODAY,dhaka_today,https://www.instagram.com/p/DX6WqwGkni_/,0,,0,2026-05-04T09:30:48.000Z,,AustraliaJapanDeal,EnergySecurity,CriticalMinerals,GlobalTrade,SupplyChain,CleanEnergy,AustraliaNews,JapanEconomy,Dhakatoday,Dhakatodaynews,,,,,,,,,,,,,,,,,,,,,,Instagram
"The UAE’s Energy and Infrastructure Minister, Suhail Al Mazrouei, has said that the country’s recent exit from OPEC and OPEC+ will give it greater flexibility to shape oil production according to national and industrial demand needs, rather than group-imposed quotas.
He explained that the decision marks a new phase for the UAE’s energy strategy, allowing it to respond faster to global market changes, invest more aggressively in the energy sector, and align output with long-term economic and industrial goals.
Al Mazrouei emphasized that the move is not political, but a policy-driven decision aimed at improving efficiency and supporting future energy security. He noted that the UAE will continue acting as a responsible global oil supplier, while having more freedom in production planning.
The minister also highlighted that the country is focusing on expanding its production capacity and investment programs, including long-term plans to increase output to meet rising global demand.
Overall, the exit is being positioned as a shift toward energy independence and flexible production strategy, giving the UAE more control over how it balances domestic development and global supply commitments. 

#UAE #SuhailAlMazrouei #OPEC #EnergyPolicy #OilIndustry #UAEEconomy #EnergySecurity #MiddleEastNews #GlobalEnergy #OilMarkets #khaleejstories",,khaleejstories,https://www.instagram.com/p/DX6Wp26gdZT/,0,,0,2026-05-04T09:30:41.000Z,,UAE,SuhailAlMazrouei,OPEC,EnergyPolicy,OilIndustry,UAEEconomy,EnergySecurity,MiddleEastNews,GlobalEnergy,OilMarkets,khaleejstories,,,,,,,,,,,,,,,,,,,,,Instagram
"- জর্জিয়া মেলোনি ৪ মে আর্মেনিয়ায় ৪৭টি দেশের রাষ্ট্রপ্রধানদের নিয়ে আয়োজিত ‘ইউরোপীয় পলিটিক্যাল কমিউনিটি’ (EPC) সম্মেলনে অংশ নেবেন।
- ইরান সংকট ও ইউক্রেন যুদ্ধের প্রেক্ষাপটে এই সম্মেলনটি অত্যন্ত গুরুত্বপূর্ণ, যেখানে জ্বালানি নিরাপত্তা ও আঞ্চলিক স্থিতিশীলতা নিয়ে আলোচনা হবে।
- সম্মেলন শেষে তিনি আজারবাইজানের প্রেসিডেন্ট ইলহাম আলিয়েভের আমন্ত্রণে বাকু (Baku) সফর করবেন।
- ইতালির লক্ষ্য হলো আজারবাইজানের সাথে জ্বালানি অংশীদারিত্ব জোরদার করে দেশের জ্বালানি সংকট মোকাবিলা করা।

- আজারবাইজান বর্তমানে ইতালির মোট পেট্রোল চাহিদার ১৭% এবং গ্যাসের ১৬% সরবরাহ করে, যা দেশটিকে ইতালির দ্বিতীয় বৃহত্তম জ্বালানি সরবরাহকারী হিসেবে প্রতিষ্ঠিত করেছে।
- ইতালি হলো আজারবাইজানি পণ্যের বৃহত্তম রপ্তানি বাজার, যার একটি বিশাল অংশই জ্বালানি খাত কেন্দ্রিক।
- সম্মেলনের পাশাপাশি মেলোনি ও ফরাসি প্রেসিডেন্ট ম্যাক্রোঁ মাদক চোরাচালান বিরোধী ইউরোপীয় জোটের (ECAD) দ্বিতীয় বৈঠকে সহ-সভাপতিত্ব করবেন।
- ইউরোপীয় নেতাদের এই সম্মেলনে ন্যাটোর মহাসচিব মার্ক রুট এবং ইউরোপীয় কমিশনের প্রেসিডেন্ট উরসুলা ফন ডার লেয়েনও উপস্থিত থাকবেন।

#ItalyNews #GiorgiaMeloni #ArmeniaSummit #AzerbaijanEnergy #EnergySecurity #BakuVisit #EPC2026 #ItalyEconomy #BilateralRelations #GlobalPolitics #BengaliNews #HelloItaly #OilAndGas #IranCrisis #InternationalRelations_",Hello Italy,helloitaly.info,https://www.instagram.com/p/DX6Vdt4l7jE/,0,,1,2026-05-04T09:20:17.000Z,,ItalyNews,GiorgiaMeloni,ArmeniaSummit,AzerbaijanEnergy,EnergySecurity,BakuVisit,EPC2026,ItalyEconomy,BilateralRelations,GlobalPolitics,BengaliNews,HelloItaly,OilAndGas,IranCrisis,InternationalRelations_,,,,,,,,,,,,,,,,,Instagram
"Prime Minister Datuk Seri @anwaribrahim_my has said that Malaysia adopts a balanced approach in economic diplomacy, prioritising national interests, including energy security.

Trade negotiations with strategic partners such as Australia are conducted on a reciprocal basis, taking into account Malaysia’s need to import raw materials such as phosphate for fertiliser production, while exporting urea.

🔗 Tap the link in bio @mediaselangor_en to read full story 

#MediaSelangor #economicdiplomacy #energysecurity",Media Selangor EN,mediaselangor_en,https://www.instagram.com/p/DX6VILbAcgl/,0,,1,2026-05-04T09:18:06.000Z,,MediaSelangor,economicdiplomacy,energysecurity,,,,,,,,,,,,,,,,,,,,,,,,,,,,,Instagram
"Energy is changing but not the way you think ⚡🌍

This past Saturday on Energy Connect, we had a powerful conversation on Energy Transition, Energy Security & Energy Dependence with *
Miss Folake Shakirah Lawal and one thing was clear, the energy system isn’t being replaced but is being restructured.

From the reality of fossil fuels still powering ~80% of global energy, to the rise of critical minerals shaping the new global power dynamics, we unpacked what’s really happening beneath the surface.
💡 Key takeaways:
* Energy transition & security aren’t always aligned, it depends on perspective
* Dependence didn’t end… it simply shifted (hello, lithium & cobalt 👀)
* Nigeria has a major opportunity to own the value chain and scale energy access
 
The big question is: are  you positioning yourself within the future of energy or watching from the sidelines?

#EnergyConnect #NextGenEnergy #EnergyTransition #EnergySecurity #NigeriaEnergy FutureOfEnergy YoungProfessionals EnergyCareers",NEXT-GEN ENERGY PROFESSIONALS  ASSOCIATION,nepa_2025,https://www.instagram.com/p/DX6Utv9CA6-/,0,,2,2026-05-04T09:13:43.000Z,,EnergyConnect,NextGenEnergy,EnergyTransition,EnergySecurity,NigeriaEnergy,,,,,,,,,,,,,,,,,,,,,,,,,,,Instagram
"भारत के लिए राहत! 46 हजार टन गैस लेकर खतरे का रास्ता पार कर आया सुपर टैंकर
#India #GasTanker #LNG #EnergyCrisis #BreakingNews #IndiaNews #GlobalNews #EnergySecurity #OilAndGas #LatestNews",Expose India,ex_pose_india,https://www.instagram.com/p/DX6Uh5Hn96J/,0,,1,2026-05-04T09:12:06.000Z,,India,GasTanker,LNG,EnergyCrisis,BreakingNews,IndiaNews,GlobalNews,EnergySecurity,OilAndGas,LatestNews,,,,,,,,,,,,,,,,,,,,,,Instagram
"Refineries Run at Full Throttle: India Assures Adequate Crude Stocks and Steady Fuel Supply
https://capitalmarket.com
#OilRefineries #EnergySecurity #CrudeOil #FuelSupply #IndianEconomy #PetroleumSector #EnergyUpdate #MarketNews #IndiaEnergy #FuelStability #Diesel #Petrol #LPGSupply #EconomicUpdate #SupplyChain #EnergyMarket #GovernmentUpdate #OilAndGas #MacroEconomics #BusinessNews #MarketBuzz #IndiaGrowth #EnergySector #InvestorFocus #FuelDemand",Capital Market Publishers India Pvt. Ltd.,capital.market.news,https://www.instagram.com/p/DX6Sm81iH-t/,0,,1,2026-05-04T08:55:19.000Z,,OilRefineries,EnergySecurity,CrudeOil,FuelSupply,IndianEconomy,PetroleumSector,EnergyUpdate,MarketNews,IndiaEnergy,FuelStability,Diesel,Petrol,LPGSupply,EconomicUpdate,SupplyChain,EnergyMarket,GovernmentUpdate,OilAndGas,MacroEconomics,BusinessNews,MarketBuzz,IndiaGrowth,EnergySector,InvestorFocus,FuelDemand,,,,,,,Instagram
"#Foodsecurity #EnergySecurity #GreenDevelopment🤝🌍
CG @pratikmathur1 today met Shri Himanshu Chaturvedi, Regional Head of Olam Agri, a global leader in agri-commodities. 🌾
➡️ They had a productive discussion focused on strengthening collaboration in sustainable agriculture, resilient supply chains, ethanol production from agri-feedstocks, and innovative solutions to bolster #FoodSecurity for the Global South. 🌱🙏🏽
Jai Hind Jai Bharat
@meaindia 
@indiplomacy",Consulate General of India in Shanghai,indiainshanghai,https://www.instagram.com/p/DX6RQtBjTyV/,0,,0,2026-05-04T08:43:32.000Z,,Foodsecurity,EnergySecurity,GreenDevelopment🤝🌍,FoodSecurity,,,,,,,,,,,,,,,,,,,,,,,,,,,,Instagram
"Morocco is actively transforming global energy volatility into a powerful catalyst for its long-term energy independence strategy. Despite a 15% fall in gas imports during Q1 2026 due to international disruptions, the nation's response extends beyond immediate reassurances and fiscal relief.

This decline, paired with rising domestic fuel prices, underscores the imperative for strategic resilience. While officials maintain sufficient fuel reserves and allocate substantial funds to mitigate consumer impact, the focus is clearly intensifying on foundational infrastructure projects. The Nigeria-Morocco gas pipeline, for instance, moves from a vision to an urgent national priority.

This approach demonstrates how countries can proactively manage current market pressures while simultaneously building a robust, self-reliant energy future. It’s a blueprint for navigating today's complex global energy landscape.

#EnergySecurity
#MoroccoEnergy
#EnergyIndependence
#GlobalEnergyMarkets
#FuelPrices
#StrategicInfrastructure
#AfricaEnergy
#EnergyPolicy
#GasSupply
#EconomicResilience
#NationalStrategy
#FutureEnergy
https://africaneconomyinc.com/sectors/energy/morocco-gas-imports-fall-15-in-q1-2026-as-government-maintains-supply-assurance/",African Economy Inc.,africaneconomyinc,https://www.instagram.com/p/DX6OL4dlh76/,0,,0,2026-05-04T08:16:43.000Z,,EnergySecurity,MoroccoEnergy,EnergyIndependence,GlobalEnergyMarkets,FuelPrices,StrategicInfrastructure,AfricaEnergy,EnergyPolicy,GasSupply,EconomicResilience,NationalStrategy,FutureEnergy,,,,,,,,,,,,,,,,,,,,Instagram
"While in China, the Prime Minister also had meetings to discuss long term energy solutions for the country by moving away from dependence on fossil fuel supplies.
With an abundance of fast flowing rivers and all-year-round sunlight, the potential of exploring solar and hydro energy sources took center stage at the meeting.

#JamesMarape #EnergySecurity #RenewableEnergy #SolarEnergy #Hydropower #CleanEnergy #GreenFuture #SustainableDevelopment #ElectricVehicles #PapuaNewGuinea",PNG FRESH NEWS,pngfreshnews,https://www.instagram.com/p/DX6OJ4RkckX/,0,,0,2026-05-04T08:16:24.000Z,,JamesMarape,EnergySecurity,RenewableEnergy,SolarEnergy,Hydropower,CleanEnergy,GreenFuture,SustainableDevelopment,ElectricVehicles,PapuaNewGuinea,,,,,,,,,,,,,,,,,,,,,,Instagram
"50 වසරක මිත්‍රත්වය සමරමින් නව සහයෝගිතා ගිවිසුමක්
වැඩිවිස්තර  https://www.auslankatv.com/archives/114971 
#AustralianNo1SriLankanNews #AusLankaTV #Top #Latest #Viral#srilankansinaustralia#AustraliaJapanRelations #EconomicCooperation #EnergySecurity #LNG #TradePartnership #DefenseCooperation #GlobalEnergyCrisis #MiddleEastConflict #SupplyChainSecurity #AustraliaNews",AUSLANKA TV,auslanka_tv,https://www.instagram.com/p/DX6MgJZD7tb/,0,,1,2026-05-04T08:01:58.000Z,,AustralianNo1SriLankanNews,AusLankaTV,Top,Latest,Viral,srilankansinaustralia,AustraliaJapanRelations,EconomicCooperation,EnergySecurity,LNG,TradePartnership,DefenseCooperation,GlobalEnergyCrisis,MiddleEastConflict,SupplyChainSecurity,AustraliaNews,,,,,,,,,,,,,,,,Instagram
"50 වසරක මිත්‍රත්වය සමරමින් නව සහයෝගිතා ගිවිසුමක්
වැඩිවිස්තර  https://www.auslankatv.com/archives/114971 
#AustralianNo1SriLankanNews #AusLankaTV #Top #Latest #Viral#srilankansinaustralia#AustraliaJapanRelations #EconomicCooperation #EnergySecurity #LNG #TradePartnership #DefenseCooperation #GlobalEnergyCrisis #MiddleEastConflict #SupplyChainSecurity #AustraliaNews",ASUS LANKA NEWS,auslanka_news,https://www.instagram.com/p/DX6McGfgcRr/,0,,0,2026-05-04T08:01:25.000Z,,AustralianNo1SriLankanNews,AusLankaTV,Top,Latest,Viral,srilankansinaustralia,AustraliaJapanRelations,EconomicCooperation,EnergySecurity,LNG,TradePartnership,DefenseCooperation,GlobalEnergyCrisis,MiddleEastConflict,SupplyChainSecurity,AustraliaNews,,,,,,,,,,,,,,,,Instagram
"जापान र अष्ट्रेलियाले ऊर्जा सुरक्षा, रक्षा सहयोग र critical minerals क्षेत्रमा सहकार्य अझ गहिरो बनाउने सहमति गरेका छन्। Sanae Takaichi र Anthony Albanese बीच क्यानबेरामा भएको उच्चस्तरीय भेटवार्तामा विश्वव्यापी आपूर्ति शृंखला अस्थिर बन्दै गएको सन्दर्भमा महत्वपूर्ण निर्णयहरू गरिएको हो।

मध्यपूर्वको तनाव र विशेषगरी Hormuz Strait मा देखिएको अवरोधले Indo-Pacific क्षेत्रमा ऊर्जा आपूर्तिमा ठूलो असर पारेको अवस्थामा दुवै देशले “तत्काल समन्वय गरेर प्रतिक्रिया दिने” सहमति जनाएका छन्। अष्ट्रेलियाले जापानलाई ठूलो मात्रामा LNG उपलब्ध गराउँदै आएको छ भने जापान पनि इन्धन आपूर्तिमा प्रमुख साझेदार हो।

दुवै देशले आर्थिक सुरक्षा सहकार्यलाई अझ मजबुत बनाउँदै geopolitical तनाव, बजार अवरोध र आर्थिक दबाबको अवस्थामा संयुक्त रूपमा काम गर्ने प्रतिबद्धता जनाएका छन्। साथै, विश्व बजारमा rare earth minerals मा देखिएको नियन्त्रण र प्रभावप्रति चिन्ता व्यक्त गर्दै critical minerals लाई रणनीतिक प्राथमिकतामा राखिएको छ। 

अष्ट्रेलियाले यस क्षेत्रमा जापानसँग सम्बन्धित परियोजनाका लागि अर्बौं डलर बराबरको सहयोग गर्ने योजना पनि सार्वजनिक गरेको छ।

#japanupdate #JapanNews #Australia #EnergySecurity #Defense #CriticalMinerals #IndoPacific #NepaliInJapan",Japan update,japanupdatenews,https://www.instagram.com/p/DX6MJPWmF7H/,1,,0,2026-05-04T07:58:50.000Z,,japanupdate,JapanNews,Australia,EnergySecurity,Defense,CriticalMinerals,IndoPacific,NepaliInJapan,,,,,,,,,,,,,,,,,,,,,,,,Instagram
"بلائنٹ لائن_____
پاکستان مبینہ طور پر قطر سے ایل این جی کی سپلائی کو محفوظ بنانے کے لیے آگے بڑھ رہا ہے کیونکہ علاقائی کشیدگی سے اہم شپنگ روٹس کو خطرہ ہے۔
کہا جاتا ہے کہ حکام بڑھتی ہوئی طلب کے درمیان توانائی کی قلت سے بچنے کے لیے محفوظ راہداری کو یقینی بنانے پر توجہ مرکوز کر رہے ہیں۔
صورتحال بجلی کے شعبے کو مستحکم رکھنے کے لیے درآمدی ایل این جی پر پاکستان کے بڑھتے ہوئے انحصار کو نمایاں کرتی ہے، حالانکہ آپریشنل تفصیلات غیر مصدقہ ہیں۔

دستبرداری:
یہ اپ ڈیٹ رپورٹ شدہ معلومات پر مبنی ہے اور سرکاری تصدیق پر تبدیل ہو سکتی ہے۔

#BluntLine #PakistanEnergy #LNGCrisis #QatarGas #EnergySecurity #FuelSupply #BreakingUpdate #PowerCrisis #GlobalEnergy #SouthAsia #GasImports #MarketWatch",bluntline_urduOffical,bluntline_urduoffical,https://www.instagram.com/p/DX6Lb59l2gP/,0,,0,2026-05-04T07:52:39.000Z,,BluntLine,PakistanEnergy,LNGCrisis,QatarGas,EnergySecurity,FuelSupply,BreakingUpdate,PowerCrisis,GlobalEnergy,SouthAsia,GasImports,MarketWatch,,,,,,,,,,,,,,,,,,,,Instagram
"Australia and Japan have decided to work much more closely together to protect their energy and food supplies. Will this strategic move help them to save resources? 

#TradeFlock #Australia #Japan #EnergySecurity #FoodSecurity #GlobalTrade #StrategicPartnership #SupplyChain #Sustainability #EconomicCooperation",TradeFlock,tradeflock,https://www.instagram.com/p/DX6LTWwiaru/,1,,1,2026-05-04T07:51:29.000Z,,TradeFlock,Australia,Japan,EnergySecurity,FoodSecurity,GlobalTrade,StrategicPartnership,SupplyChain,Sustainability,EconomicCooperation,,,,,,,,,,,,,,,,,,,,,,Instagram
"Your energy bill is hiding costs you haven't caught yet. We conduct thorough audits, identify inefficiencies, and deploy smart grid solutions — solar power and energy systems — that reduce what you spend and strengthen what you build.

#Binkemez #EnergyTransition #EnergySecurity #PowerGeneration
#DrivingEnergyInnovation BCL",BINKEMEZ CONSULTING LIMITED,binkemezconsult,https://www.instagram.com/p/DX6LLpqCHP3/,0,,1,2026-05-04T07:50:25.000Z,,Binkemez,EnergyTransition,EnergySecurity,PowerGeneration,DrivingEnergyInnovation,,,,,,,,,,,,,,,,,,,,,,,,,,,Instagram
"❗Swedish Coast Guard Intercepts Syrian-Flagged Tanker Linked to Russian ""Shadow Fleet""

TRELLEBORG, SWEDEN – May 4, 2026

In a high-stakes maritime operation, the Swedish Coast Guard, supported by the Police Special Operations Unit, intercepted and boarded a Syrian-flagged oil tanker on Sunday. The vessel, identified as the *Jin Hui*, is suspected of being part of the Russian ""shadow fleet"" used to bypass international sanctions.

The interception took place at approximately 2:00 PM in Swedish territorial waters near the southern port city of Trelleborg. 

🔖 Concerns Over ""False Flag"" and Seaworthines

According to official statements, the *Jin Hui* was targeted due to suspicions regarding its seaworthiness and legal status. Authorities believe the tanker may be operating under a ""false flag""—using the Syrian registration as a front to obscure its true ownership and evade detection. 

""Vessels that fail to comply with agreed-upon maritime rules and lack basic safety standards continue to navigate Swedish waters. This is unacceptable,"" said Daniel Stenling, Deputy Head of Operations at the Coast Guard. ""We have intervened before, and we are intervening again now.""

🔖 Links to Russian Sanctions

Swedish Civil Defense Minister Carl-Oskar Bohlin confirmed that the tanker is suspected of belonging to the Russian ""shadow fleet."" The vessel is reportedly listed on sanctions rolls maintained by the European Union, the United Kingdom, and Ukraine. 

While the *Jin Hui* is currently believed to be empty of cargo, its presence in the Baltic Sea has raised alarms. According to *Marine Traffic* data, the ship was ostensibly traveling from Türkiye to Latvia, though Swedish authorities described its actual destination and intent as ""unclear.""

🔖 Ongoing Crackdown

This boarding marks the fifth operation of its kind by Swedish authorities in recent months, signaling a tightening net around unregulated vessels operating in the region. The ""shadow fleet"" typically consists of aging tankers with opaque insurance and ownership structures, posing significant environmental risks to the Baltic coastline.

👇👇👇",Syria With love,syri.awithlove,https://www.instagram.com/p/DX6LIEJDhIX/,1,,0,2026-05-04T07:49:56.000Z,,,,,,,,,,,,,,,,,,,,,,,,,,,,,,,,,Instagram
"Blintline_____
Pakistan is reportedly moving to secure LNG supplies from Qatar as regional tensions threaten key shipping routes.
Officials are said to be focusing on ensuring safe transit to avoid energy shortages amid rising demand.
The situation highlights Pakistan’s growing reliance on imported LNG to keep the power sector stable, though operational details remain unconfirmed.

Disclaimer:
This update is based on reported information and may change upon official confirmation.

#BluntLine #PakistanEnergy #LNGCrisis #QatarGas #EnergySecurity #FuelSupply #BreakingUpdate #PowerCrisis #GlobalEnergy #SouthAsia #GasImports #MarketWatch",BluntLine,bluntline_offical,https://www.instagram.com/p/DX6K69Al3eH/,0,,1,2026-05-04T07:48:09.000Z,,BluntLine,PakistanEnergy,LNGCrisis,QatarGas,EnergySecurity,FuelSupply,BreakingUpdate,PowerCrisis,GlobalEnergy,SouthAsia,GasImports,MarketWatch,,,,,,,,,,,,,,,,,,,,Instagram
"RM5 billion a month.
RM6 billion if prices surge.
RM50 billion in 10 months.
Malaysia’s fuel subsidy burden continues to rise as global crude oil prices put pressure on public spending.
#RM5Billion #FuelSubsidy #Malaysia #OilMarket #PublicFunds #RON95 #BUDI95 #EnergySecurity",RTM World,rtmworld_,https://www.instagram.com/p/DX6KNoakXdH/,0,,1,2026-05-04T07:41:57.000Z,,RM5Billion,FuelSubsidy,Malaysia,OilMarket,PublicFunds,RON95,BUDI95,EnergySecurity,,,,,,,,,,,,,,,,,,,,,,,,Instagram
"80 Million Liters Secured! 🚢🇵🇰 The PNSC tanker Khairpur has successfully navigated the Strait of Hormuz to deliver a critical diesel boost to Karachi. 

In a world of volatile energy routes, Pakistan is taking strategic steps to ensure our lights stay on and our industries keep moving. This is precision logistics in action for national progress. ⚓⚡

Explore the full breakdown of this energy win via our link in bio! 

#NextGenPakistan #EnergySecurity #KarachiPort #PakistanProgress #DieselSupply #Maritime #StrategicGrowth #LinkInBio",Next Generation Pakistan,next_generation_pakistan,https://www.instagram.com/p/DX6JW2ClsDO/,0,,0,2026-05-04T07:34:32.000Z,,NextGenPakistan,EnergySecurity,KarachiPort,PakistanProgress,DieselSupply,Maritime,StrategicGrowth,LinkInBio,,,,,,,,,,,,,,,,,,,,,,,,Instagram
"Egypt is making a clear play to become a dominant regional energy hub, and its latest financial maneuvers are paving the way for significant investment. By dramatically reducing outstanding payments to international oil and gas companies, Egypt is actively demonstrating its commitment to a stable and attractive investment climate.

This strategic financial discipline is directly linked to ambitious exploration and production expansions, like the recent success with Eni in the Mediterranean. It signals reliability to global partners, ensuring the long-term foreign direct investment necessary to build out its infrastructure and export capabilities.

This proactive approach is setting the stage for Egypt to become a pivotal player in the global energy market.

#EgyptEnergy #EnergyInvestments #RegionalHub #MediterraneanEnergy #OilAndGasNews #Eni #AfricaEnergy #EconomicDevelopment #StrategicMoves #GlobalEnergy #EnergySecurity #FDI
https://africaneconomyinc.com/sectors/energy/egypt-expands-energy-ambitions-with-eni-after-new-mediterranean-well-success/",African Economy Inc.,africaneconomyinc,https://www.instagram.com/p/DX6JBa2FFLR/,0,,0,2026-05-04T07:31:35.000Z,,EgyptEnergy,EnergyInvestments,RegionalHub,MediterraneanEnergy,OilAndGasNews,Eni,AfricaEnergy,EconomicDevelopment,StrategicMoves,GlobalEnergy,EnergySecurity,FDI,,,,,,,,,,,,,,,,,,,,Instagram
"GEMA refuted claims that ethanol uses 10,000 litres of water per litre, clarifying actual industrial usage is only 3–5 litres. It highlighted maize-based, rain-fed feedstocks and use of surplus grains, stressing ethanol supports energy security, reduces imports and emissions, and should not be blamed for water stress.

#EthanolFacts #WaterUsageMyth #BiofuelDebate #EnergySecurity #MaizeBasedEthanol #SustainableFuels #EmissionReduction #AgriPolicy",AgriInsite,agriinsite,https://www.instagram.com/p/DX6HwW2ivs3/,0,,0,2026-05-04T07:20:29.000Z,,EthanolFacts,WaterUsageMyth,BiofuelDebate,EnergySecurity,MaizeBasedEthanol,SustainableFuels,EmissionReduction,AgriPolicy,,,,,,,,,,,,,,,,,,,,,,,,Instagram
"Global energy dynamics are shifting 🌍

China rejects US sanctions on Iranian oil and signals it will continue energy purchases despite pressure.

What this means for markets:
• Oil trade flows shifting towards Asia 🛢️
• Sanctions losing effectiveness
• Volatility in energy markets rising 📈

This is more than geopolitics — it’s a realignment of global power and energy routes.

#China #IranOil #USSanctions #GlobalEnergy #OilMarket #CrudeOil #EnergyCrisis #Geopolitics #MarketNews #CommodityMarket #OilPrices #EnergyTrade #GlobalMarkets #EconomicShift #TradingNews #ForexTrading #MacroEconomics #EnergySecurity #WorldEconomy #FxTradeMedia #OilTrading #MarketVolatility #GlobalTrade #EnergyTrends #Investing",FX Trade Media,fxtrademedia,https://www.instagram.com/p/DX6HYSpE7fE/,0,,1,2026-05-04T07:17:12.000Z,,China,IranOil,USSanctions,GlobalEnergy,OilMarket,CrudeOil,EnergyCrisis,Geopolitics,MarketNews,CommodityMarket,OilPrices,EnergyTrade,GlobalMarkets,EconomicShift,TradingNews,ForexTrading,MacroEconomics,EnergySecurity,WorldEconomy,FxTradeMedia,OilTrading,MarketVolatility,GlobalTrade,EnergyTrends,Investing,,,,,,,Instagram
"PRIME NEWS: ऑस्ट्रेलिया और जापान ऊर्जा सुरक्षा और महत्वपूर्ण खनिजों के क्षेत्र में आपसी सहयोग बढ़ाने पर सहमत हुए हैं। दोनों देशों के बीच हुए इस रणनीतिक समझौते का उद्देश्य स्वच्छ ऊर्जा की आपूर्ति श्रृंखला को मजबूत करना और तकनीकी नवाचार को बढ़ावा देना है। यह साझेदारी वैश्विक ऊर्जा बाजार में स्थिरता और कार्बन तटस्थता के लक्ष्यों को हासिल करने की दिशा में एक महत्वपूर्ण कदम है।

#australiajapan  #energysecurity  #criticalminerals  #cleanenergy  #strategicpartnership  #globaleconomy  #renewableenergy  #primenews #primenewsnetwork",Prime News Network,primenewsnetwork.in,https://www.instagram.com/p/DX6F1W7CQFD/,0,,4,2026-05-04T07:03:42.000Z,,australiajapan,energysecurity,criticalminerals,cleanenergy,strategicpartnership,globaleconomy,renewableenergy,primenews,primenewsnetwork,,,,,,,,,,,,,,,,,,,,,,,Instagram
"𝐀𝐋𝐈𝐍𝐆𝐀𝐖𝐍𝐆𝐀𝐖 𝐍𝐆 𝐁𝐀𝐋𝐈𝐓𝐀 | 𝐌𝐀𝐘 𝟒, 𝟐𝟎𝟐𝟔

Ipinunto ng Malacañang Palace na sumasalamin sa mabilis at malawak na pagtugon ng pamahalaan ang bagong ulat ng Asian Development Bank (ADB) kaugnay ng pagtaas ng presyo ng langis sa pandaigdigang merkado.

📊 Ayon sa ADB report, kabilang ang Philippines sa pinaka-aktibong bansa sa Asia-Pacific sa pagresponde sa oil price surge, sa kabila ng matinding epekto ng pagtaas ng presyo ng gasolina.

⛽ Mula Pebrero 23 hanggang Abril 20, umabot sa halos 60% ang itinaas ng domestic fuel prices dahil sa tensyon sa Middle East.

Sa kabila nito, naipatupad ng bansa ang 7 sa 8 pangunahing polisiya na inirekomenda ng ADB para protektahan ang consumers at mapanatiling matatag ang ekonomiya.

🗣️ “Government cannot control the conflict in the Middle East. It cannot dictate world oil prices. But it can control the speed, seriousness, and breadth of its response,” ayon sa Palasyo.

📌 Sa direktiba ni Pangulong Ferdinand Marcos Jr., ipinatupad ang mga hakbang gaya ng:
• Targeted subsidies para sa mahihirap na pamilya
• Tulong sa transport sector
• Price monitoring
• Pagpapalakas ng suplay ng langis

⚖️ Ipinatupad din ang Executive Order No. 114 na pansamantalang nagsususpinde ng excise tax sa LPG at kerosene sa loob ng tatlong buwan.

🌱 Kasabay nito, isinusulong din ang mas pangmatagalang solusyon tulad ng renewable energy upang mabawasan ang pagdepende sa imported fuel.

💬 “This is not a crisis created by the Philippines, but it is a crisis felt by Filipino families,” saad ng Malacañang.

📣 Layunin ng gobyerno na sabay na tugunan ang agarang epekto ng krisis at ihanda ang bansa para sa mas matatag na energy security sa hinaharap.

#LocalNews #BreakingNews #Malacañang #ADB #OilPriceHike #FuelPrices #Philippines #EconomicResponse #EnergySecurity #NewsUpdate #GovernmentPH",Jlx-Radio Tarlac,91.1fm_jelexieradio,https://www.instagram.com/p/DX6Fdz3DHLC/,0,,0,2026-05-04T07:00:29.000Z,,LocalNews,BreakingNews,Malacañang,ADB,OilPriceHike,FuelPrices,Philippines,EconomicResponse,EnergySecurity,NewsUpdate,GovernmentPH,,,,,,,,,,,,,,,,,,,,,Instagram
"Key maritime chokepoints are turning into leverage points in global power competition. The Strait of Hormuz illustrates how control over critical routes can influence markets and political decisions far beyond the region.

Click the link in our bio to read the full article.

#Geopolitics #Hormuz #MaritimeSecurity #GlobalTrade #EnergySecurity #MiddleEast #PowerPolitics",Eagle Intelligence Reports,eagleintelreports,https://www.instagram.com/p/DX6EYL1nY7R/,0,,1,2026-05-04T06:50:58.000Z,,Geopolitics,Hormuz,MaritimeSecurity,GlobalTrade,EnergySecurity,MiddleEast,PowerPolitics,,,,,,,,,,,,,,,,,,,,,,,,,Instagram
"Interconnected automated systems controlling electricity and water distribution are vulnerable to cyberattacks. A manipulated water level sensor can lead to cascading failures in the power grid, underscoring the urgent need for unified security protocols in critical infrastructure. Protecting these complex networks is vital for resilience and reliability. Follow us for expert insights on infrastructure security. #CriticalInfrastructure #Cybersecurity #EnergySecurity #WaterManagement #InfrastructureResilience #SmartGrid",Cobaltiq,cobaltiq_,https://www.instagram.com/p/DX6D1k1lubD/,0,,0,2026-05-04T06:46:17.000Z,,CriticalInfrastructure,Cybersecurity,EnergySecurity,WaterManagement,InfrastructureResilience,SmartGrid,,,,,,,,,,,,,,,,,,,,,,,,,,Instagram
"Europe’s energy crisis is revealing something important—
not all countries are equally vulnerable. ⚡

Those relying on renewables are staying stable,
while others face rising costs due to global disruptions.

This isn’t just about sustainability anymore.
👉 It’s about resilience.

Do you think India is prepared for this transition?
Let’s discuss below.

#RenewableEnergy #EnergyCrisis #CleanEnergy #EnergyTransition #GlobalEnergy #PowerMarkets #ElectricityPrices",Neoteric Energy,neoteric__energy,https://www.instagram.com/p/DX6Wmf0jVao/,0,,0,2026-05-04T09:30:12.000Z,,RenewableEnergy,EnergyCrisis,CleanEnergy,EnergyTransition,GlobalEnergy,PowerMarkets,ElectricityPrices,,,,,,,,,,,,,,,,,,,,,,,,,Instagram
"پاکستان میں بجلی کے بحران کی ایک وجہ موبائل فونز کی چارجنگ بھی ہے، جہاں روزانہ کروڑوں یونٹس صرف موبائل چارج کرنے میں استعمال ہو جاتے ہیں۔ — جاوید چوہدری Voice of PK 

#Pakistan #EnergyCrisis",ABC Urdu News,abcurdunews,https://www.instagram.com/p/DX6WmDfgV4V/,0,,0,2026-05-04T09:30:10.000Z,,Pakistan,EnergyCrisis,,,,,,,,,,,,,,,,,,,,,,,,,,,,,,Instagram
"جواد احمد کے مطابق پاکستان میں بجلی کے مسئلے کا حل محدود افراد کے پاس ہے، جن میں انہوں نے فیلڈ مارشل سید عاصم منیر اور اپنی جماعت برابری پارٹی کا ذکر کیا۔ ان کے بقول مؤثر قیادت اور واضح پالیسی کے ذریعے ہی توانائی کے بحران پر قابو پایا جا سکتا ہے۔
تاہم حقیقت یہ ہے کہ بجلی جیسے پیچیدہ مسئلے کا حل کسی ایک یا دو افراد تک محدود نہیں ہوتا، بلکہ اس کے لیے جامع پالیسی، ادارہ جاتی اصلاحات، سرمایہ کاری، اور طویل المدتی منصوبہ بندی درکار ہوتی ہے، جس میں حکومت، نجی شعبہ اور ماہرین سب کا کردار اہم ہوتا ہے۔

#Pakistan #EnergyCrisis #Electricity #Policy #Debate",Full Toss,fulltosspk,https://www.instagram.com/p/DX6WmFdj3y-/,0,,0,2026-05-04T09:30:10.000Z,,Pakistan,EnergyCrisis,Electricity,Policy,Debate,,,,,,,,,,,,,,,,,,,,,,,,,,,Instagram
"Oil markets remain steady despite geopolitical tensions, as uncertainty grows over plans to ease disruptions in the Strait of Hormuz. Traders appear unconvinced that proposed measures will stabilize supply in the short term.

Source: Al Jazeera English

#OilPrices #StraitOfHormuz #GlobalMarkets #EnergyCrisis #Geopolitics",TrendWireGlobal,trendwireglobal,https://www.instagram.com/p/DX6WLeKkmBk/,0,,1,2026-05-04T09:26:33.000Z,,OilPrices,StraitOfHormuz,GlobalMarkets,EnergyCrisis,Geopolitics,,,,,,,,,,,,,,,,,,,,,,,,,,,Instagram
"China has refused to comply with US sanctions targeting five firms accused of buying Iranian oil, calling the measures illegal and against international norms. Beijing said its companies will continue lawful trade despite pressure from Washington. The US aims to curb Iran’s oil revenue, but China remains a major buyer through independent refineries. Tensions rise as diplomatic talks between the US and Iran remain stalled, with new sanctions adding strain to global energy markets and China-US relations.

#China #Iran #USSanctions #OilTrade #BreakingNews #GlobalPolitics #EnergyCrisis #Tehran #Beijing

Disclaimer: This content is for informational purposes only and based on reported news sources.",Apna Watan Tv,apnawatan.tv,https://www.instagram.com/p/DX6V0v6jODw/,0,,0,2026-05-04T09:23:25.000Z,,China,Iran,USSanctions,OilTrade,BreakingNews,GlobalPolitics,EnergyCrisis,Tehran,Beijing,,,,,,,,,,,,,,,,,,,,,,,Instagram
"“The world isn’t at peace—it’s just in between conflicts.”

#Geopolitics #WorldNews #GlobalAffairs #InternationalRelations #MiddleEastCrisis
#OilPolitics #EnergyCrisis #GlobalEconomy",Abhijeet k,kalam.abhijeet,https://www.instagram.com/p/DX6Vn04FJ9W/,0,,0,2026-05-04T09:21:53.000Z,,Geopolitics,WorldNews,GlobalAffairs,InternationalRelations,MiddleEastCrisis,OilPolitics,EnergyCrisis,GlobalEconomy,,,,,,,,,,,,,,,,,,,,,,,,Instagram
"کیا آپ جاویدچودھری کی رائے سے اتفاق کرتے ہیں کہ موبائل چارجرز پاکستان میں توانائی بحران کی ایک بڑی وجہ ہیں؟
#JavedChaudhry #EnergyCrisis #PakistanEnergy #MobileChargers #PublicOpinion #EnergyDebate #PakistanNews #CurrentAffairs #PowerCrisis #OpinionPoll #CapitalTV",,capitaltvurdu,https://www.instagram.com/p/DX6Vo1TjT70/,2,,2,2026-05-04T09:21:47.000Z,,JavedChaudhry,EnergyCrisis,PakistanEnergy,MobileChargers,PublicOpinion,EnergyDebate,PakistanNews,CurrentAffairs,PowerCrisis,OpinionPoll,CapitalTV,,,,,,,,,,,,,,,,,,,,,Instagram
"You’re paying crazy light bills.
You’re fueling your generator like it’s a second rent.
But you still think solar is “too expensive”? 🤔
Truth is… you can afford it. You just haven’t done the math yet.

#SwiphtGreen

#FuelIsExpensive
#GeneratorLife
#NoMoreGen
#LightProblem
#PowerOutage
#SaveOnFuel
#EnergyCrisisFuelIsExpensive
#GeneratorLife
#NoMoreGen
#LightProblem
#PowerOutage
#SaveOnFuel
#EnergyCrisis","Solar Panels, Batteries and Inverters in Lagos, Abuja and more",swiphtgreen,https://www.instagram.com/p/DX6UoWVDZSq/,0,,0,2026-05-04T09:15:54.000Z,,SwiphtGreen,FuelIsExpensive,GeneratorLife,NoMoreGen,LightProblem,PowerOutage,SaveOnFuel,EnergyCrisisFuelIsExpensive,EnergyCrisis,,,,,,,,,,,,,,,,,,,,,,,Instagram
"भारत के लिए राहत! 46 हजार टन गैस लेकर खतरे का रास्ता पार कर आया सुपर टैंकर
#India #GasTanker #LNG #EnergyCrisis #BreakingNews #IndiaNews #GlobalNews #EnergySecurity #OilAndGas #LatestNews",Expose India,ex_pose_india,https://www.instagram.com/p/DX6Uh5Hn96J/,0,,1,2026-05-04T09:12:06.000Z,,India,GasTanker,LNG,EnergyCrisis,BreakingNews,IndiaNews,GlobalNews,EnergySecurity,OilAndGas,LatestNews,,,,,,,,,,,,,,,,,,,,,,Instagram
"امریکہ نے آج سے آبنائے ہرمز کھولنے کا اعلان کردیا
https://mazaj.com.pk/urdu/?p=96734
#StraitOfHormuz #USA #GlobalTrade #OilSupply #BreakingNews #WorldNews #Geopolitics #EnergyCrisis #ShippingRoutes #InternationalNews",Mazaj News,mazajnewsoffical,https://www.instagram.com/p/DX6UKOxlREz/,0,,0,2026-05-04T09:08:53.000Z,,StraitOfHormuz,USA,GlobalTrade,OilSupply,BreakingNews,WorldNews,Geopolitics,EnergyCrisis,ShippingRoutes,InternationalNews,,,,,,,,,,,,,,,,,,,,,,Instagram
"اوپیک پلس نے ایک بار پھر تیل کی پیداوار بڑھانے کا فیصلہ کر لیا ہے۔ 

یہ تیسری مرتبہ ہے کہ آبنائے ہرمز کی بندش کے بعد تیل کی سپلائی بڑھانے کی کوشش کی جا رہی ہے۔
#opecplus #oilproduction #straitofhormuz #oilmarket #energycrisis",Hina Shafi,laali249,https://www.instagram.com/p/DX6T_ZLiAFY/,0,,0,2026-05-04T09:07:23.000Z,,opecplus,oilproduction,straitofhormuz,oilmarket,energycrisis,,,,,,,,,,,,,,,,,,,,,,,,,,,Instagram
"⚡🐡⛽IL FUTURO DELL'ENERGIA - Geopolitica, prezzi e accordi globali. 

#illustration #energycrisis #renewableenergy #geopolític #illustrator",Salvatore Liberti,salvatoreliberti_illustration,https://www.instagram.com/p/DX6T1DIDaFz/,0,,6,2026-05-04T09:05:59.000Z,,illustration,energycrisis,renewableenergy,geopolític,illustrator,,,,,,,,,,,,,,,,,,,,,,,,,,,Instagram
"تیل کی قیمتوں میں بڑی کمی آنے والی ہے، امری کی وزیر خزانہ کی چونکا دینے والی پیشگوئی
#VoiceNews #VoiceGujranwala #NewsUpdates #OilPrices #GlobalEconomy  #BreakingNews #OilMarket #EnergyCrisis #PriceDrop #EconomicForecast #WorldNews #FinanceUpdate #musicevent #poweroutage #paranormal #humor #movie #homeforsale #popculture #drinkspecials #wind #entertainment 

امریکی وزیر خزانہ اسکاٹ بیسنٹ نے عالمی تیل کی قیمتوں میں نمایاں کمی کی پیشگوئی کی ہے۔ ایک امریکی ٹی وی چینل کو دیے گئے انٹرویو میں انہوں نے کہا کہ جنگی حالات کے بعد توانائی کی قیمتوں میں واضح کمی آنی چاہیے۔
اسکاٹ بیسنٹ کے مطابق مستقبل قریب میں تیل کی عالمی منڈی میں بڑی گراوٹ دیکھی جا سکتی ہے، کیونکہ امریکا کی توانائی برآمدات اس وقت بلند ترین سطح پر پہنچ چکی ہیں۔ انہوں نے کہا کہ امریکا اس وقت توانائی کے شعبے میں ایک بڑی قوت کے طور پر ابھر رہا ہے۔

انہوں نے مزید وضاحت کی کہ امریکی توانائی برآمدات کو صرف انفرااسٹرکچر کی کمی محدود کر رہی ہے، ورنہ امریکا عالمی توانائی منڈی میں مزید تیزی سے آگے بڑھ سکتا ہے۔

امریکی وزیر خزانہ کا کہنا تھا کہ آبنائے ہرمز سے آئندہ مزید جہازوں کی آمد و رفت دیکھنے کو مل سکتی ہے، اور ایران کی جانب سے جہازوں پر ٹول وصول کرنے کی کوششیں زیادہ مؤثر ثابت نہیں ہو رہیں۔",Voice Gujrawala,voicegujrawala,https://www.instagram.com/p/DX6TPH5icn9/,0,,0,2026-05-04T09:00:48.000Z,,VoiceNews,VoiceGujranwala,NewsUpdates,OilPrices,GlobalEconomy,BreakingNews,OilMarket,EnergyCrisis,PriceDrop,EconomicForecast,WorldNews,FinanceUpdate,musicevent,poweroutage,paranormal,humor,movie,homeforsale,popculture,drinkspecials,wind,entertainment,,,,,,,,,,Instagram
"In just 50 days, soaring energy prices linked to the war in West Asia shifted more than $150 billion from ordinary people to oil and gas companies. A new 350.org report shows how fossil-fuel dependence keeps turning global crises into household bills — and why the clean-energy transition is now an economic necessity.

Writes, Jagjeet Uberoi

Read more: https://etedge-insights.com/featured-insights/50-days-150-billion-war-in-west-asia-has-exposed-the-fossil-fuel-trap/

#ETEdgeInsights #EnergyCrisis #CleanEnergy #FossilFuelTrap #EconomicResilience #WindfallTax #TheGreatPowerShift",ET Edge Insights,etedgeinsights,https://www.instagram.com/p/DX6Sxt1j04-/,0,,0,2026-05-04T08:56:48.000Z,,ETEdgeInsights,EnergyCrisis,CleanEnergy,FossilFuelTrap,EconomicResilience,WindfallTax,TheGreatPowerShift,,,,,,,,,,,,,,,,,,,,,,,,,Instagram
"Oil prices hold steady at $108/bbl as Trump’s ""Project Freedom"" fails to sway markets. Despite plans for U.S. naval escorts in the Strait of Hormuz, skepticism remains high over potential escalation with Iran. 

Read more on our Website. 
#OilPrices #StraitOfHormuz #EnergyCrisis",The New York Editorial,nyeditorialus,https://www.instagram.com/p/DX6SgkQjr3p/,0,,0,2026-05-04T08:56:30.000Z,,OilPrices,StraitOfHormuz,EnergyCrisis,,,,,,,,,,,,,,,,,,,,,,,,,,,,,Instagram
"پاکستان میں بجلی کا مسئلہ یا تو فیلڈ مارشل سید عاصم منیر حل کر سکتے ہیں یا پھر جواد احمد۔ — جواد احمد  Jawad Ahmad 

#Pakistan #EnergyCrisis",ABC Urdu News,abcurdunews,https://www.instagram.com/p/DX6RKOZDd-h/,1,,4,2026-05-04T08:42:40.000Z,,Pakistan,EnergyCrisis,,,,,,,,,,,,,,,,,,,,,,,,,,,,,,Instagram
"India is burning more coal, and two crises are driving it at once. 🔥

Record heat is pushing electricity demand to the edge. At the same time, the Iran conflict is tightening energy supplies across the region. India's grid has limited room to flex.

For the world's third-largest CO2 emitter, this isn't just a short-term fix — it deepens a longer tension between energy security and climate commitments.

Full story at the link.

#IndiaEnergy #CoalPower #ClimateAction #IranConflict #EnergyCrisis",The Signal Journal,the.signaljournal,https://www.instagram.com/p/DX6NGEVgaWU/,0,,0,2026-05-04T08:07:16.000Z,,IndiaEnergy,CoalPower,ClimateAction,IranConflict,EnergyCrisis,,,,,,,,,,,,,,,,,,,,,,,,,,,Instagram
"✅ وفاقی وزیر برائے منصوبہ بندی Ahsan Iqbal نے کہا ہے کہ اگر وزیرِاعظم Shehbaz Sharif اور Asim Munir کی کوششوں سے ایران اور امریکہ کے درمیان جنگ بندی نہ ہوتی تو عالمی سطح پر تیل کی قیمت 250 ڈالر فی بیرل سے بھی تجاوز کر سکتی تھی۔

ایک تقریب سے خطاب کرتے ہوئے انہوں نے کہا کہ ایران-امریکہ کشیدگی نے دنیا میں تیل کا بحران پیدا کر دیا تھا، تاہم پاکستان کی سفارتی کوششوں سے صورتحال میں بہتری آئی۔ انہوں نے امید ظاہر کی کہ دونوں ممالک کے درمیان کشیدگی مکمل طور پر ختم ہو گی اور تیل کی قیمتیں دوبارہ کم ہوں گی۔

#AhsanIqbal #ShehbazSharif #AsimMunir #PakistanDiplomacy #IranUSWar #OilPrices #GlobalEconomy #EnergyCrisis #Pakistan #BreakingNews",Muhammad Muntasir ✨✨,muntasir_2001,https://www.instagram.com/p/DX6NGuElTYi/,0,,0,2026-05-04T08:07:14.000Z,,AhsanIqbal,ShehbazSharif,AsimMunir,PakistanDiplomacy,IranUSWar,OilPrices,GlobalEconomy,EnergyCrisis,Pakistan,BreakingNews,,,,,,,,,,,,,,,,,,,,,,Instagram
"The Energy 'Hunger Games' Denmark Hits Pause on AI Data Centres! 🚨⚡💻

Denmark’s power grid is officially overwhelmed 🚨. The Nordic nation 🇩🇰, once a prime destination for tech giants seeking stable climates 🌤️ and renewable energy, has temporarily halted all new data centre grid connections 💻🏢🔌.

Should critical societal infrastructure always take priority over the AI boom? Let us know what you think in the comments! 👇💬

#businesstabloid #denmark #datacenters #artificialintelligence #energycrisis",Business Tabloid | News • Magazine • Awards,businesstabloid,https://www.instagram.com/p/DX6MtKbAhil/,0,,1,2026-05-04T08:03:49.000Z,,businesstabloid,denmark,datacenters,artificialintelligence,energycrisis,,,,,,,,,,,,,,,,,,,,,,,,,,,Instagram
"বিশ্ব জ্বালানি বাজারে গুরুত্বপূর্ণ ভূমিকা পালন করে Organization of the Petroleum Exporting Countries বা OPEC। ১৯৬০ সালে প্রতিষ্ঠিত এই সংগঠনটির মূল লক্ষ্য হলো সদস্য দেশগুলোর তেল উৎপাদন নীতি সমন্বয় করে বৈশ্বিক বাজারে স্থিতিশীলতা বজায় রাখা। মধ্যপ্রাচ্য, আফ্রিকা ও দক্ষিণ আমেরিকার বিভিন্ন তেলসমৃদ্ধ দেশ নিয়ে গঠিত এই জোট আন্তর্জাতিক বাজারে তেলের দাম নির্ধারণে বড় প্রভাব ফেলে। উৎপাদন বাড়ানো বা কমানোর সিদ্ধান্তের মাধ্যমে OPEC সরাসরি বিশ্ব অর্থনীতি, জ্বালানি মূল্য এবং বিভিন্ন দেশের আমদানি ব্যয়ের ওপর প্রভাব ফেলে। তাই এই সংগঠনটি শুধু জ্বালানি খাতেই নয়, বরং বৈশ্বিক অর্থনীতিতেও গুরুত্বপূর্ণ একটি শক্তি হিসেবে বিবেচিত।

❓ আপনার মতে OPEC-এর সিদ্ধান্তে বিশ্ব অর্থনীতিতে কতটা প্রভাব পড়ে?
❓ তেলের দাম নিয়ন্ত্রণে OPEC-এর ভূমিকা কি ইতিবাচক বলে মনে করেন?

📌 Note: OPEC-এর সদস্য দেশ ও নীতিমালা সময়ের সাথে পরিবর্তিত হতে পারে এবং বাজার পরিস্থিতির ওপর নির্ভরশীল।

👉 ✅ প্রতিদিনের বৈশ্বিক পরিসংখ্যান, র‍্যাঙ্কিং এবং তথ্যের জন্য Data Explanation ফলো করুন।

#OPEC #OilMarket #GlobalEconomy #EnergyCrisis #DataExplanation #WorldStats #তেল_বাজার #বিশ্ব_অর্থনীতি #পরিসংখ্যান #জ্বালানি",Data Explanation,dataxplanation,https://www.instagram.com/p/DX6Mcoijen6/,0,,0,2026-05-04T08:01:29.000Z,,OPEC,OilMarket,GlobalEconomy,EnergyCrisis,DataExplanation,WorldStats,তেল_বাজার,বিশ্ব_অর্থনীতি,পরিসংখ্যান,জ্বালানি,,,,,,,,,,,,,,,,,,,,,,Instagram
"OIL MARKETS ON EDGE AS TRUMP’S HORMUZ PLAN FAILS TO CALM FEARS.
President Trump’s “Project Freedom” to guide stranded ships through the Strait of Hormuz began today, but investors remain skeptical and oil prices have stayed flat amid fresh tanker incidents and Iran’s strong objections to the move. Global energy supplies and fuel costs for millions hang in the balance as the fragile ceasefire faces new pressure.

📌 MORE: https://tinyurl.com/Oil-Prices-under-pressure

#OilPrices #Hormuz #Trump #StraitOfHormuz #EnergyCrisis #ProjectFreedom #BreakingNews #MiddleEast #OilMarket",The Uninvited Press,uninvitedpress,https://www.instagram.com/p/DX6MZGDjVlJ/,0,,1,2026-05-04T08:01:00.000Z,,OilPrices,Hormuz,Trump,StraitOfHormuz,EnergyCrisis,ProjectFreedom,BreakingNews,MiddleEast,OilMarket,,,,,,,,,,,,,,,,,,,,,,,Instagram
"Global Methane Tracker 2026 reveals a major breakthrough that could reshape global energy supply.

It says cutting methane emissions could unlock up to 200 bcm of gas yearly, easing shortages worldwide.

Is the solution already within reach?

READ MORE to see how emissions cuts could power the future. https://alo360.net/methane-cuts-could-unlock-200-bcm-of-gas-for-global-markets/

#EnergyCrisis #ClimateAction #NaturalGas #GlobalEconomy #BreakingNews",Alo360,alo360.tv,https://www.instagram.com/p/DX6LglGjUSy/,0,,0,2026-05-04T07:53:38.000Z,,EnergyCrisis,ClimateAction,NaturalGas,GlobalEconomy,BreakingNews,,,,,,,,,,,,,,,,,,,,,,,,,,,Instagram
"Oil markets are staying stubbornly high despite signs of relief in the Strait of Hormuz crisis. ⚠️
With supply risks, geopolitical tensions, and global inflation pressures, energy markets remain on edge.

Swipe to understand what’s really driving oil prices right now.

#OilMarkets #GlobalEconomy #EnergyCrisis #Geopolitics #MarketTrends",Market Insiders,marketinsiders07,https://www.instagram.com/p/DX6K_G3ERLF/,0,,1,2026-05-04T07:48:45.000Z,,OilMarkets,GlobalEconomy,EnergyCrisis,Geopolitics,MarketTrends,,,,,,,,,,,,,,,,,,,,,,,,,,,Instagram
"وفاقی وزیر برائے منصوبہ بندی احسن اقبال کا کہنا ہے کہ وزیراعظم شہباز شریف اورفیلڈ مارشل عاصم منیر امریکا اور ایران میں جنگ بندی نہ کراتے تو آج دنیا میں تیل 250 ڈالرفی بیرل سے بھی بڑھ جاتا۔
شکر گڑھ میں کارنر میٹنگ سےخطاب  کرتے ہوئے احسن اقبال کا کہنا تھا امریکا ایران جنگ نے دنیا میں تیل کا بحران پیدا کر دیا ہے،کوشش ہے ایران اور امریکا جنگ کا مکمل خاتمہ ہو اور تیل دوبارہ سستا ہو۔
وفاقی وزیر کا کہنا تھا کہ اگر  وزیراعظم شہباز شریف اورفیلڈ مارشل عاصم منیر امریکا اور ایران میں جنگ بندی نہ کراتے تو آج دنیا میں تیل 250 ڈالرفی بیرل سے بھی بڑھ جاتا۔
#Pakistan #AhsanIqbal #ShehbazSharif #AsimMunir #OilPrices #IranUS #EnergyCrisis #BreakingNews #ViralPost #TrendingPost #Verified #WaqtDigital #WaqtNewsHD",waqtnews,waqtnews,https://www.instagram.com/p/DX6KPPpFj56/,7,,2,2026-05-04T07:42:11.000Z,,Pakistan,AhsanIqbal,ShehbazSharif,AsimMunir,OilPrices,IranUS,EnergyCrisis,BreakingNews,ViralPost,TrendingPost,Verified,WaqtDigital,WaqtNewsHD,,,,,,,,,,,,,,,,,,,Instagram
"Kuwait exported zero crude oil in April, the first time this has happened in over 30 years.

This wasn’t because oil production stopped.
Kuwait was still pumping crude. Storage tanks were filling. Refineries were running.

The real issue was exports.
Crude shipments couldn’t move out.

The trigger? Disruptions around the Strait of Hormuz, one of the most critical oil chokepoints in the world. A significant portion of global oil supply passes through this narrow route. When movement there slows down or becomes risky, exports don’t just decline, they can completely halt.

So what you’re seeing here isn’t a demand crash or a production failure.
It’s a supply chain breakdown at the geopolitical level.

Kuwait’s situation highlights a bigger reality:
Even oil-rich nations are heavily dependent on a few key routes to keep global energy flowing.

Block the route, and supply doesn’t gradually fall,
it can drop to zero overnight.

#OilMarkets #Geopolitics #EnergyCrisis #MiddleEast #GlobalEconomy",Startup Age,startup.age,https://www.instagram.com/p/DX6JgNgERun/,0,,3,2026-05-04T07:35:47.000Z,,OilMarkets,Geopolitics,EnergyCrisis,MiddleEast,GlobalEconomy,,,,,,,,,,,,,,,,,,,,,,,,,,,Instagram
"The UK’s ambition to lead in AI has run into a familiar constraint: energy.

OpenAI has put its Stargate UK project on hold, pointing to high power costs and regulatory complexity, longstanding challenges for large scale infrastructure. It underlines a broader issue. While policy and investment announcements have gathered pace, the underlying energy system remains a bottleneck. Without competitively priced, reliable power, building “sovereign compute” at scale becomes increasingly difficult.

If the UK is serious about AI leadership, the focus will need to shift from ambition to delivery starting with energy.

#hydrogente #ukai #datacentres #energycrisis #aiinfrastructure #techpolicy #energycosts #digitaleconomy #aiuk",Hydrogen TE,hydrogenteltd,https://www.instagram.com/p/DX6JDB9jKpf/,0,,6,2026-05-04T07:31:46.000Z,,hydrogente,ukai,datacentres,energycrisis,aiinfrastructure,techpolicy,energycosts,digitaleconomy,aiuk,,,,,,,,,,,,,,,,,,,,,,,Instagram
"🌾🌍 From rice surpluses and export ambitions to oil shocks and climate-hit farms—global commodity markets are shifting fast, reshaping food security, trade flows, and economic resilience across nations.

#CommodityNews #GlobalMarkets #RiceTrade #AgricultureNews #OilMarkets #FoodSecurity #ExportImport #AgriEconomy #ClimateImpact #EnergyCrisis #GlobalTrade #Farming #MarketTrends #BreakingNews",CommodityToday,commodityt_,https://www.instagram.com/p/DX6IpKwmAug/,0,,0,2026-05-04T07:28:14.000Z,,CommodityNews,GlobalMarkets,RiceTrade,AgricultureNews,OilMarkets,FoodSecurity,ExportImport,AgriEconomy,ClimateImpact,EnergyCrisis,GlobalTrade,Farming,MarketTrends,BreakingNews,,,,,,,,,,,,,,,,,,Instagram
"Global energy dynamics are shifting 🌍

China rejects US sanctions on Iranian oil and signals it will continue energy purchases despite pressure.

What this means for markets:
• Oil trade flows shifting towards Asia 🛢️
• Sanctions losing effectiveness
• Volatility in energy markets rising 📈

This is more than geopolitics — it’s a realignment of global power and energy routes.

#China #IranOil #USSanctions #GlobalEnergy #OilMarket #CrudeOil #EnergyCrisis #Geopolitics #MarketNews #CommodityMarket #OilPrices #EnergyTrade #GlobalMarkets #EconomicShift #TradingNews #ForexTrading #MacroEconomics #EnergySecurity #WorldEconomy #FxTradeMedia #OilTrading #MarketVolatility #GlobalTrade #EnergyTrends #Investing",FX Trade Media,fxtrademedia,https://www.instagram.com/p/DX6HYSpE7fE/,0,,1,2026-05-04T07:17:12.000Z,,China,IranOil,USSanctions,GlobalEnergy,OilMarket,CrudeOil,EnergyCrisis,Geopolitics,MarketNews,CommodityMarket,OilPrices,EnergyTrade,GlobalMarkets,EconomicShift,TradingNews,ForexTrading,MacroEconomics,EnergySecurity,WorldEconomy,FxTradeMedia,OilTrading,MarketVolatility,GlobalTrade,EnergyTrends,Investing,,,,,,,Instagram
"وفاقی وزیر برائے منصوبہ بندی احسن اقبال کا کہنا ہے کہ وزیراعظم شہباز شریف اورفیلڈ مارشل عاصم منیر امریکا اور ایران میں ج۔نگ بندی نہ کراتے تو آج دنیا میں تیل 250 ڈالرفی بیرل سے بھی بڑھ جاتا۔
شکر گڑھ میں کارنر میٹنگ سےخطاب  کرتے ہوئے احسن اقبال کا کہنا تھا امریکا ایر-ان ج۔نگ نے دنیا میں تیل کا بحران پیدا کر دیا ہے،کوشش ہے ایران اور امریکا ج۔نگ کا مکمل خاتمہ ہو اور تیل دوبارہ سستا ہوا۔

#AhsanIqbal #PakistanNews #OilPrices  #USA #BreakingNews #WorldNews #GlobalEconomy #Politics #EnergyCrisis #LatestNews #NewsUpdate #Diplomacy #تازہ_خبریں #اہم_خبر #بریکنگ_نیوز #SouthToday",South Today,southtodayofficial,https://www.instagram.com/p/DX6G19LFDyn/,0,,1,2026-05-04T07:12:31.000Z,,AhsanIqbal,PakistanNews,OilPrices,USA,BreakingNews,WorldNews,GlobalEconomy,Politics,EnergyCrisis,LatestNews,NewsUpdate,Diplomacy,تازہ_خبریں,اہم_خبر,بریکنگ_نیوز,SouthToday,,,,,,,,,,,,,,,,Instagram
"پاکستان کے لیے توانائی سپلائی میں اہم پیش رفت سامنے آئی ہے جہاں کویت سے آنے والا تیل بردار جہاز کراچی پورٹ پہنچ گیا۔ میڈیا رپورٹس کے مطابق خیرپور جہاز چند روز قبل آبنائے ہرمز سے گزرا تھا اور خلیج عمان میں داخل ہونے کے بعد آج کراچی پہنچا۔ جہاز میں تقریباً 8 ہزار لیٹر ڈیزل موجود ہے۔ ایر/انی پاسد/اران انق/لاب نے پاکستانی جہاز کو آبنائے ہرمز سے گزرنے کی خصوصی اجازت دی تھی۔

#DastakMagazine #Pakistan #EnergyNews #OilTanker #KarachiPort #FuelSupply #Kuwait #BreakingNews #EnergyCrisis #Diesel #PakistanNews",Dastak Updates,dastakupdates,https://www.instagram.com/p/DX6F8B9GqgD/,0,,2,2026-05-04T07:04:37.000Z,,DastakMagazine,Pakistan,EnergyNews,OilTanker,KarachiPort,FuelSupply,Kuwait,BreakingNews,EnergyCrisis,Diesel,PakistanNews,,,,,,,,,,,,,,,,,,,,,Instagram
"Conflict Day 65: A breakthrough or a bluff? 🚨🇺🇸🇮🇷 In a stunning announcement that has shocked the world, President Trump says the US is engaged in ""very positive discussions"" with Iran right now. After 65 days of relentless warfare and a rigid US naval blockade, this is the first real sign of diplomatic movement. Does this mean the 14-point peace proposal is gaining traction? Or is this part of a larger pressure tactic? As the death toll rises, all eyes are now on Washington and Tehran. 👇
.
Day 65 Middle East conflict updates, Trump Iran positive discussions quote, 14-point peace plan progress, US Iran diplomacy 2026, Operation Epic Fury ceasefire talks.
.
Source: CNN / BBC / Al Jazeera / Dawn / Reuters
.
#Day65 #Geopolitics #IranConflict #BreakingNews TheNewsOrbitPK",thenewsorbitpk,thenewsorbitpk,https://www.instagram.com/p/DX6VZK9E2zJ/,0,,0,2026-05-04T09:19:41.000Z,,Day65,Geopolitics,IranConflict,BreakingNews,,,,,,,,,,,,,,,,,,,,,,,,,,,,Instagram
"India is burning more coal, and two crises are driving it at once. 🔥

Record heat is pushing electricity demand to the edge. At the same time, the Iran conflict is tightening energy supplies across the region. India's grid has limited room to flex.

For the world's third-largest CO2 emitter, this isn't just a short-term fix — it deepens a longer tension between energy security and climate commitments.

Full story at the link.

#IndiaEnergy #CoalPower #ClimateAction #IranConflict #EnergyCrisis",The Signal Journal,the.signaljournal,https://www.instagram.com/p/DX6NGEVgaWU/,0,,0,2026-05-04T08:07:16.000Z,,IndiaEnergy,CoalPower,ClimateAction,IranConflict,EnergyCrisis,,,,,,,,,,,,,,,,,,,,,,,,,,,Instagram
"It looked like the end of the line for the A-10 in southern Arizona. Then the Pentagon revealed a new role tied to Iran. For more on the implications, head to azfamily.com (link in bio).
#A10Warthog #DavisMonthan #Tucson #IranConflict #USAirForce #CloseAirSupport #MilitaryNews #ArizonaNews",azfamily 3TV & CBS 5,arizonasfamily,https://www.instagram.com/p/DX6FbLGnFRk/,5,,57,2026-05-04T07:00:14.000Z,,A10Warthog,DavisMonthan,Tucson,IranConflict,USAirForce,CloseAirSupport,MilitaryNews,ArizonaNews,,,,,,,,,,,,,,,,,,,,,,,,Instagram
"The Constitution is clear: Congress declares war. Period. That is the way the Founding Fathers wrote it. They set the line in the nation’s founding document. On Friday, a sixty-day War Powers clock ran out of time on Operation Epic Fury. The war had been declared over on paper. The ships, aircraft, personnel, and threat framework remained. Washington did not cross the line drawn by the Founders. It wrote around it.

Click the link in our bio to read the full article.

#Geopolitics #USPolitics #WarPowers #ForeignPolicy #IranConflict #GlobalSecurity #InternationalRelations",Eagle Intelligence Reports,eagleintelreports,https://www.instagram.com/p/DX6FDzWCVU4/,0,,4,2026-05-04T06:56:56.000Z,,Geopolitics,USPolitics,WarPowers,ForeignPolicy,IranConflict,GlobalSecurity,InternationalRelations,,,,,,,,,,,,,,,,,,,,,,,,,Instagram
"“TRUMP WARNS NO EXIT FROM IRAN CONFLICT — US DIGS IN AS MIDDLE EAST TENSIONS RISK ESCALATING INTO LONG-TERM INSTABILITY”
#DonaldTrump #IranConflict #USIranTensions #middleeastcrisis",Global Affairs,globalaffairs2026,https://www.instagram.com/p/DX6Ec5WiQBK/,0,,-1,2026-05-04T06:51:39.000Z,,DonaldTrump,IranConflict,USIranTensions,middleeastcrisis,,,,,,,,,,,,,,,,,,,,,,,,,,,,Instagram
"The United States is preparing to assist ships stranded in the Strait of Hormuz as tensions escalate in the ongoing conflict involving Iran. President Donald Trump announced that U.S. forces will begin guiding vessels safely through restricted waterways, aiming to restore global shipping routes disrupted by the crisis.

Hundreds of ships and nearly 20,000 seafarers have been unable to pass through the vital strait, a key artery for global oil and gas supplies. The U.S. Central Command has confirmed support for the mission, deploying thousands of personnel, aircraft, warships, and drones to ensure maritime security.

The situation remains volatile, with reports of a tanker being struck by unidentified projectiles shortly after the announcement, raising further concerns about safety in the region.

#Trump  #StraitOfHormuz  #GlobalTrade  #IranConflict  #OilSupply  #MaritimeSecurity  #Geopolitics  #EnergyCrisis #WorldNews  #BreakingNews",Global Repute News,globalreputenews,https://www.instagram.com/p/DX6AJ6NFI-2/,0,,1,2026-05-04T06:14:04.000Z,,Trump,StraitOfHormuz,GlobalTrade,IranConflict,OilSupply,MaritimeSecurity,Geopolitics,EnergyCrisis,WorldNews,BreakingNews,,,,,,,,,,,,,,,,,,,,,,Instagram
"🚨 Breaking news: Bitcoin just arrange the most of the Iran war crash .
Bitcoin ended April up +11.87% reversing most of the brutal Friday crash triggered by the Iran conflict
#BitcoinNews #IranConflict #StraitOfHormuz
#cryptomarketupdate #OilPrices

- Geopolitics
- Bitcoin and geopolitics
- Crypto In Uncertain Times
- Iran Sanctions
- Middle East Tensions",RK Trading Institute,rktradinginstitute,https://www.instagram.com/p/DX5zmqigFto/,0,,0,2026-05-04T04:24:24.000Z,,BitcoinNews,IranConflict,StraitOfHormuz,cryptomarketupdate,OilPrices,,,,,,,,,,,,,,,,,,,,,,,,,,,Instagram
"Donald Trump has threat,ened to withdraw US troops from Italy, claiming the country has been “of no help” during tensions over the Iran confl!ct. He also criticized Spain and hinted at reducing America’s military presence across Europe. 
The remarks highlight a growing rift with NATO allies, particularly over support in the Strait of Hormuz crisis. Italy, led by Giorgia Meloni, has denied the claims, with officials stressing cooperation with US forces.
#DonaldTrump #Italy #NATO #USPolitics #WorldNews #IranConflict #BreakingNews
Disclaimer: This content is a summarized news report for informational purposes only.",Apna Watan Tv,apnawatan.tv,https://www.instagram.com/p/DX5NAXaiE4Q/,1,,3,2026-05-03T22:47:09.000Z,,DonaldTrump,Italy,NATO,USPolitics,WorldNews,IranConflict,BreakingNews,,,,,,,,,,,,,,,,,,,,,,,,,Instagram
"🇺🇸🇨🇳 donald TRUMP I'm not mad at China for sending weapons to Iran, we do the exact same with other countries, right?""
That's just how the world works
#Trump
#ChinaUS
#IranConflict
#Geopolitics
#GlobalPolitics
IranVsAmerica",UnfilteredVibes_,khanatik8293,https://www.instagram.com/p/DX4rD-CjOJd/,0,,0,2026-05-03T17:50:31.000Z,,Trump,ChinaUS,IranConflict,Geopolitics,GlobalPolitics,,,,,,,,,,,,,,,,,,,,,,,,,,,Instagram
"President Trump reviews a new 14-point peace proposal but maintains a military threat if Tehran ""misbehaves.""

#IranConflict #PeaceTalks #Trump #EnergyCrisis #TDBnews",The Daily Bytes,tdbdailybytes,https://www.instagram.com/p/DX4o860DOMC/,0,,0,2026-05-03T17:32:05.000Z,,IranConflict,PeaceTalks,Trump,EnergyCrisis,TDBnews,,,,,,,,,,,,,,,,,,,,,,,,,,,Instagram
"https://frontieraffairs.com/mexico-political-immunity-debate-inzunza/
A growing policy gap is emerging between the U.S. and Canada over the Iran conflict…
While Washington takes a stronger strategic position, Ottawa is leaning more toward diplomatic caution raising questions about how far allies truly agree behind the scenes.
Is this just policy difference… or something bigger in global alignment?

👉 Full analysis inside: https://frontieraffairs.com/

#USPolitics #Canada #IranConflict #Geopolitics #WorldNews #ForeignPolicy #BreakingNews #MiddleEast #GlobalAffairs #Diplomacy #FrontierAffairs",Frontier Affairs,frontieraffairs515,https://www.instagram.com/p/DX4gIy3CU7E/,0,,1,2026-05-03T16:15:04.000Z,,USPolitics,Canada,IranConflict,Geopolitics,WorldNews,ForeignPolicy,BreakingNews,MiddleEast,GlobalAffairs,Diplomacy,FrontierAffairs,,,,,,,,,,,,,,,,,,,,,Instagram
"https://frontieraffairs.com/america-vs-canada-iran-war-opinion/
A growing policy gap is emerging between the U.S. and Canada over the Iran conflict…
While Washington takes a stronger strategic position, Ottawa is leaning more toward diplomatic caution — raising questions about how far allies truly agree behind the scenes.
Is this just policy difference… or something bigger in global alignment?

👉 Full analysis inside: https://frontieraffairs.com/

#USPolitics #Canada #IranConflict #Geopolitics #WorldNews #ForeignPolicy #BreakingNews #MiddleEast #GlobalAffairs #Diplomacy #FrontierAffairs",Frontier Affairs,frontieraffairs515,https://www.instagram.com/p/DX4eTvpDno3/,0,,0,2026-05-03T15:59:05.000Z,,USPolitics,Canada,IranConflict,Geopolitics,WorldNews,ForeignPolicy,BreakingNews,MiddleEast,GlobalAffairs,Diplomacy,FrontierAffairs,,,,,,,,,,,,,,,,,,,,,Instagram
"President Donald Trump on Friday claimed the United States Navy was acting “like pirates” while enforcing Washington’s naval blockade of Iran during the ongoing conflict involving the United States and Israel. Speaking about a recent operation, Trump described how U.S. forces seized a vessel and its cargo, calling it “a very profitable business,” while insisting the actions were deliberate and strategic.

The remarks come amid heightened maritime tensions, with U.S. forces reportedly intercepting Iranian-linked ships, including sanctioned container vessels and oil tankers in Asian waters. In response, Iran has restricted nearly all foreign ships from passing through the Strait of Hormuz, a critical global trade route. Alongside Iran’s move, Trump has also enforced a separate blockade targeting Iranian ports, further escalating the standoff at sea.

The conflict, which began with U.S. and Israeli strikes on Iran on February 28, has since intensified, with Iran launching retaliatory attacks on Israel and Gulf states hosting U.S. bases. The war has driven oil prices higher and disrupted global energy supply chains, as the Strait of Hormuz handles nearly 20% of worldwide oil and LNG shipments. Trump’s statements and actions have drawn widespread criticism, with experts warning that escalating military measures and threats against civilian infrastructure could have severe humanitarian and legal consequences.

#DonaldTrump #IranConflict #USNavy #StraitOfHormuz #GlobalOilCrisis",Modern Gadgets,moderngadgets0707,https://www.instagram.com/p/DX4ZQYqEWyA/,0,,0,2026-05-03T15:14:56.000Z,,DonaldTrump,IranConflict,USNavy,StraitOfHormuz,GlobalOilCrisis,,,,,,,,,,,,,,,,,,,,,,,,,,,Instagram
"পরমাণু অ স্ত্র ত্যাগ ও হরমুজ প্রণালি খোলার দাবিতে যুক্তরাষ্ট্রের সাথে সুর মেলাল জার্মানি! 

#Germany #USA #IranConflict #NuclearWeapon #Diplomacy #BreakingNews",America Bangla । আমেরিকা বাংলা,america_bangla,https://www.instagram.com/p/DX4YLZ4mMer/,0,,0,2026-05-03T15:05:31.000Z,,Germany,USA,IranConflict,NuclearWeapon,Diplomacy,BreakingNews,,,,,,,,,,,,,,,,,,,,,,,,,,Instagram
"President Trump casts doubt on Iran's new 14-point peace plan, citing a lack of ""restitution.""

#IranConflict #PeaceTalks #Trump #Geopolitics #TDBnews",The Daily Bytes,tdbdailybytes,https://www.instagram.com/p/DX4YIgbigMX/,0,,0,2026-05-03T15:05:08.000Z,,IranConflict,PeaceTalks,Trump,Geopolitics,TDBnews,,,,,,,,,,,,,,,,,,,,,,,,,,,Instagram
"US Naval Blockade Squeezes Iran’s Oil Exports, Forces Crude Onto Floating Storage: A U.S. naval blockade of Iranian ports has shrunk Tehran's oil exports, stranding a growing stockpile of crude on tankers as Iranian storage sites run out of space, shipping data showed and analysts said. http://dlvr.it/TSLj6W #News #Iranconflict #Iranmaritimeblockade",Fundacion Nuestromar,nuestromar,https://www.instagram.com/p/DX4Xn8EDtmn/,0,,0,2026-05-03T15:02:20.000Z,,News,Iranconflict,Iranmaritimeblockade,,,,,,,,,,,,,,,,,,,,,,,,,,,,,Instagram
"⚠️ ولایتی با اشاره به تضعیف ناتو و مشکلات ناوهای آمریکایی، ادعاهای ترامپ را نشانه‌ای از فروپاشی توهمات ابرقدرتی در کاخ سفید دانست.

🚨 او تهدیدات ترامپ به قحطی را ناشی از جهل اقتصادی خواند و تأکید کرد که زنجیره تأمین کود و غذای جهان در کنترل ایران است.

📉 مشاور رهبر ایران با تشبیه سیاست‌های ترامپ به فیلم‌های تخیلی، هشدار داد که هرگونه تعرض به خط حیاتی جهان، آمریکا را منزوی می‌کند.

اخبار به روز شده امروز را در خبرگزاری کوکچه دنبال کنید
@kokchanews

#ولایتی #ترامپ #ایران #تنگه_هرمز #امنیت_غذایی #ژئوپلیتیک
#Velayati #Trump #IranConflict #HormuzStrait #FoodSecurity #Geopolitics2026",KOKCHA.NEWS,kokchanews,https://www.instagram.com/p/DX4MVCpCs4Q/,1,,4,2026-05-03T13:21:58.000Z,,ولایتی,ترامپ,ایران,تنگه_هرمز,امنیت_غذایی,ژئوپلیتیک,Velayati,Trump,IranConflict,HormuzStrait,FoodSecurity,Geopolitics2026,,,,,,,,,,,,,,,,,,,,Instagram
"News Update for Global!

**Israel approves huge deal for F-35 and F-15IA jets from US, worth $119B**
Israel has given final approval for a huge deal to buy new F-35 and F-15IA fighter jets from American companies Lockheed Martin and Boeing. The total cost is around 119 billion dollars. This plan will make Israel's air force much stronger for the next ten years. The defence minister said this deal is very important because of the recent war with Iran. The new planes will have advanced technology and keep Israel ahead of its enemies. This news matters for the world because it shows how much Israel is spending on its military. The United States is fully supporting Israel by selling these top fighter planes.

#Israel #F-35 #F-15IA #LockheedMartin #Boeing #fighterjets #defencedeal #$119billion #militarybuild-up #USIsrael #airpower #Iranconflict #MiddleEast #weaponspurchase #IDF

Visit Us: https://www.momentumpakistan.com",Momentum Pakistan,momentumpakistan,https://www.instagram.com/p/DX4AUkgDI_y/,0,,1,2026-05-03T11:37:07.000Z,,Israel,F-35,F-15IA,LockheedMartin,Boeing,fighterjets,defencedeal,$119billion,militarybuild-up,USIsrael,airpower,Iranconflict,MiddleEast,weaponspurchase,IDF,,,,,,,,,,,,,,,,,Instagram
"You think inflation isn’t hitting Brunei?

Look at your grocery bill.

Fuel is subsidised. The pump stays calm.
Everything else quietly gets more expensive.

A few dollars more. Less in the bag.

That’s the illusion.

We don’t import the shock.
We import the cost of it.

Sociable Insights
Global shocks, local consequences.

 #Brunei #ASEAN #IranConflict #Inflation #SociableInsights",Sociable & Co.,sociableandco,https://www.instagram.com/p/DX393AlD8fz/,0,,-1,2026-05-03T11:15:00.000Z,,Brunei,ASEAN,IranConflict,Inflation,SociableInsights,,,,,,,,,,,,,,,,,,,,,,,,,,,Instagram
"যুক্তরাষ্ট্র জার্মানি থেকে প্রায় ৫ হাজার সেনা প্রত্যাহারের ঘোষণা দিয়েছে, যা আগে থেকেই অনুমানযোগ্য ছিল বলে মন্তব্য করেছেন জার্মান প্রতিরক্ষামন্ত্রী Boris Pistorius। তিনি বলেন, জার্মানিতে মার্কিন সেনা উপস্থিতি উভয় দেশের স্বার্থেই গুরুত্বপূর্ণ। এদিকে NATO জানিয়েছে, তারা এ বিষয়ে বিস্তারিত জানতে ওয়াশিংটনের সঙ্গে যোগাযোগ করছে। এই সিদ্ধান্তের পেছনে Donald Trump ও Friedrich Merz-এর মধ্যে ইরান যুদ্ধ নিয়ে মতবিরোধ ভূমিকা রেখেছে বলে ধারণা করা হচ্ছে। বর্তমানে জার্মানিতে প্রায় ৩৬ হাজার মার্কিন সেনা রয়েছে, যা ইউরোপে সর্বোচ্চ। ট্রাম্প ইঙ্গিত দিয়েছেন, ভবিষ্যতে আরও সেনা কমানো হতে পারে, তবে বিস্তারিত এখনও প্রকাশ করা হয়নি। 

#USGermany #TroopWithdrawal #NATOUpdate #GlobalPolitics #DefenseNews #GermanyUSA #MilitaryMove #IranConflict #WorldNews #রাজনীতি",Climate Channel,climatetvchannel,https://www.instagram.com/p/DX358TsDJlK/,0,,0,2026-05-03T10:41:18.000Z,,USGermany,TroopWithdrawal,NATOUpdate,GlobalPolitics,DefenseNews,GermanyUSA,MilitaryMove,IranConflict,WorldNews,রাজনীতি,,,,,,,,,,,,,,,,,,,,,,Instagram
#dubainews #uaenews #LivingInDubai #dubailife #uaelife  #britishexpatsdubai #expatsindubai #dubaiexpats #dubaiexpatslife #news #staysafe #stayvigilant #britsindubai #uaeresidents #dubairesidents #gccresident #gcc #livinginuae #uaegovernment #dxb  #uaeupdates #uaebusiness #dubaibusiness #iranconflict #emirates #etihad #airtravel,British Expats Dubai,britishexpatsdubai,https://www.instagram.com/p/DX35nLqiflt/,0,,22,2026-05-03T10:38:25.000Z,,dubainews,uaenews,LivingInDubai,dubailife,uaelife,britishexpatsdubai,expatsindubai,dubaiexpats,dubaiexpatslife,news,staysafe,stayvigilant,britsindubai,uaeresidents,dubairesidents,gccresident,gcc,livinginuae,uaegovernment,dxb,uaeupdates,uaebusiness,dubaibusiness,iranconflict,emirates,etihad,airtravel,,,,,Instagram
"The ""Great Deal"" seems further away than ever! 🚨🇺🇸 President Trump has sent a clear message to Tehran while reviewing their 14-point peace proposal: ""Not enough."" Despite Iran's efforts to mediate through Pakistan, Trump believes Iran hasn't yet faced the full consequences of its regional actions. While he hasn't completely shut the door on diplomacy, his demand for a ""higher price"" and his focus on eliminating Iran's remaining 15% missile capability suggests that the US military remains on high alert. Is Trump looking for a deal, or just a reason to finish what he started? 👇
.
Trump Iran Peace Proposal May 2026, 14-point plan skepticism, Truth Social Trump Iran, US Iran military standoff, Iran paid a big enough price quote, Operation Epic Fury updates.
.
Source: The Guardian / Al Jazeera / Reuters / WSJ / CNBC
.
#Trump #IranConflict #PeaceProposal #BreakingNews #TheNewsOrbitPK",thenewsorbitpk,thenewsorbitpk,https://www.instagram.com/p/DX3zcW0iNSZ/,2,,0,2026-05-03T09:44:35.000Z,,Trump,IranConflict,PeaceProposal,BreakingNews,TheNewsOrbitPK,,,,,,,,,,,,,,,,,,,,,,,,,,,Instagram
"Bharat Aawaz 🌟అమెరికా డాలర్ కి ఇరాన్ కోలుకోలేని దెబ్బ! | Why Iran is supporting Indian Rupee & Chinese Yuan?🔖The geopolitical chessboard is heating up! What started as a conflict has now escalated into a full-scale Strategic War. From Donald Trump’s direct hit on Iran's lifeline—Kharg Island—to Iran’s shocking retaliation against US Aerial Tankers, the stakes have never been higher.
In this deep-dive analysis by BharatAwaz, we cover:
Target Kharg Island: Why did the US target Iran's 90% oil export hub?
The Refueler Takedown: How Iran's tactical strike on KC-135 Stratotankers paralyzed the US Air Force.
Currency War: Iran’s masterstroke of ditching the US Dollar for Indian Rupee and Chinese Yuan.
India’s Shield: How India’s neutral foreign policy is ensuring our energy security while the world struggles.
The Nuclear Threat: Is the world heading towards a nuclear disaster? Where is Israel’s Netanyahu?
This isn't just about bombs and missiles; it’s about who controls the world’s energy and economy. As oil prices threaten to hit $150/barrel, the burden falls on the common man.
Watch the full video to understand the reality behind the headlines.
BharatAwaz: Beyond the News. Beyond the Business. Empowering Every Soul!

#USIranWar #DonaldTrump #IranConflict #Geopolitics2026 #KhargIsland #OilCrisis #HormuzStrait #IndianRupee #DollarVsYuan #WorldWar3 #BharatAwaz #DefenseUpdates #GlobalEconomy
---------------------------------------------------------
Bharat Aawaz Brings you Political, Financial, People Oriented Social Stories, and Telugu Perspectives that Mainstream Media won’t Cover. Beyond news, Beyond Boundaries—Join the Conversation Shaping India’s Future.

🌟@BharatAawaz, The Heart Beat 💖 of India's NEWS and Information. Seeks to Inform, Engage and Empower the Nation. Dedicated 24 Hours a Day, Seven Days a Week, BA Delivers Not Just the News, But the Voice Of Poor, Deprived and Oppressed, From Every Corner of the Nation. 

-----------------------------------------------------

✅ For More News Updates, Visit : https://BharatAawaz.Com
✅ Join Our Whats APP Channel : https://whatsapp.com/channel/0029Vb6NgY8Fsn0WYSfzWq3o

------------------------------------------------...",Bharat Aawaz,bharataawaz,https://www.instagram.com/p/DX3wH1OlLdQ/,1,,1,2026-05-03T09:15:33.000Z,,USIranWar,DonaldTrump,IranConflict,Geopolitics2026,KhargIsland,OilCrisis,HormuzStrait,IndianRupee,DollarVsYuan,WorldWar3,BharatAwaz,DefenseUpdates,GlobalEconomy,,,,,,,,,,,,,,,,,,,Instagram
"⚠️ پاکسازی گسترده: پادشاه بحرین اعلام کرد که تابعیت تنها یک «تکه کاغذ» نیست، بلکه قراردادی است که خیانت‌کاران حق برخورداری از آن را ندارند. این دستور پس از آن صادر شد که ۶۹ نفر پیش‌تر به اتهام فعالیت علیه امنیت ملی و همسویی با ایران سلب تابعیت شده بودند.

🚨 تقابل با پارلمان: پادشاه بحرین از برخی نمایندگان شیعه که با قانون سلب تابعیت مخالفت کرده بودند، به شدت انتقاد کرد و آن‌ها را به «هم‌سویی با دشمن» متهم ساخت. وی خطاب به این نمایندگان گفت: «یا عذرخواهی کنید یا در کنار خائنان بایستید.»

🛡️ اتهام مداخله: منامه مدعی است که این افراد با ساختارهای خارجی در ارتباط بوده و امنیت کشورهای عضو شورای همکاری خلیج فارس را به خطر انداخته‌اند.

📉 پس‌زمینه نظامی: بحرین از زمان آغاز حملات هوایی آمریکا و اسرائیل به ایران در ۲۸ فوریه، هدف حملات تلافی‌جویانه موشکی و پهپادی تهران قرار گرفته و اکنون در حال سرکوب صداهای مخالف در داخل است.

اخبار به روز شده امروز را در خبرگزاری کوکچه دنبال کنید
@kokchanews

#بحرین #ایران #سلب_تابعیت #خلیج_فارس #پادشاه_بحرین #امنیت_ملی #تنش_نظامی
#Bahrain #IranConflict #CitizenshipRevoked #KingHamad #GCC #NationalSecurity #MiddleEast2026",KOKCHA.NEWS,kokchanews,https://www.instagram.com/p/DX3s6UwFL0N/,1,,3,2026-05-03T08:47:40.000Z,,بحرین,ایران,سلب_تابعیت,خلیج_فارس,پادشاه_بحرین,امنیت_ملی,تنش_نظامی,Bahrain,IranConflict,CitizenshipRevoked,KingHamad,GCC,NationalSecurity,MiddleEast2026,,,,,,,,,,,,,,,,,,Instagram
"⚠️ ردِ ضمنیِ پیشنهاد: رئیس‌جمهور آمریکا در شبکه اجتماعی «تروث سوشیال» نوشت که تصورِ پذیرش طرح ایران دشوار است؛ چرا که به باور او، تهران هنوز تقاصِ «آنچه در ۴۷ سال گذشته با بشریت انجام داده» را پس نداده است.

🚨 به‌روزرسانی طرح‌های نظامی: هم‌زمان با بن‌بست دیپلماتیک، ترامپ با فرمانده سنتکام (دریاسالار برد کوپر) دیدار کرد. گزارش‌ها حاکی است که کوپر بلافاصله عازم کشتی جنگی USS Tripoli در دریای عمان شده تا آمادگی نیروها برای حملات احتمالی را بررسی کند.

🛡️ ضرب‌الاجلِ یک‌ماهه: طرح ایران شامل یک ماه مذاکره برای پایان جنگ و بازگشایی تنگه هرمز است، اما واشینگتن با تأکید بر گزینه نظامی، سعی دارد تهران را در موضع ضعف قرار دهد.

📉 شرطِ نهایی: ترامپ صراحتاً اعلام کرد که تنها در صورت «رفتار درست» ایران، آتش‌بس ادامه می‌یابد؛ در غیر این صورت، بمب‌افکن‌های آمریکایی اهداف جدیدی را در خاک ایران هدف قرار خواهند داد.

اخبار به روز شده امروز را در خبرگزاری کوکچه دنبال کنید
@kokchanews

#ترمپ #ایران #جنگ #تنگه_هرمز #سنتکام #مذاکره #بحران_خاورمیانه
#Trump #IranConflict #Centcom #HormuzStrait #MilitaryOption #War2026",KOKCHA.NEWS,kokchanews,https://www.instagram.com/p/DX3srm4FEDG/,1,,4,2026-05-03T08:45:40.000Z,,ترمپ,ایران,جنگ,تنگه_هرمز,سنتکام,مذاکره,بحران_خاورمیانه,Trump,IranConflict,Centcom,HormuzStrait,MilitaryOption,War2026,,,,,,,,,,,,,,,,,,,Instagram
"A new national poll suggests that a majority of voters believe the United States is currently winning the ongoing conflict with Iran. While the Trump administration has not provided a clear explanation for the military action, about 40% of voters support the current strategy. This comes as the U.S. naval blockade has cost the Iranian regime an estimated $4.8 billion in lost revenue since it began on April 13, 2026. 
 
The conflict started on February 28, 2026, with airstrikes that targeted Iranian nuclear and military sites. Since then, global oil prices have surged to a four year high of $126 per barrel, leading to increased costs for gas and groceries. Although a ceasefire went into effect on April 7, the U.S. has continued its naval blockade, which has recently caused Iran's oil exports to drop by over 80%. 
 
#IranConflict #TrumpPolls #NavalBlockade #OilPrices #NationalSecurity",The Maximus Breakdown,themaximusbreakdown,https://www.instagram.com/p/DX3lxd-DI_l/,3,,24,2026-05-03T07:45:04.000Z,,IranConflict,TrumpPolls,NavalBlockade,OilPrices,NationalSecurity,,,,,,,,,,,,,,,,,,,,,,,,,,,Instagram
"Donald Trump addressed supporters in Florida, targeting senior voters as Republicans face challenging midterm elections. The rally at The Villages marked his first public event outside the White House since a recent security incident.

Trump defended ongoing tensions with Iran, saying the US would not withdraw forces prematurely. However, he largely shifted focus to economic issues, including Social Security tax relief and healthcare measures for seniors.

The speech comes amid declining approval ratings and rising voter concerns over inflation and fuel prices. Polls show over 60% disapproval of Trump’s performance, with economic pressures shaping the political narrative ahead of elections.

He also criticised Democrats and revisited campaign themes on immigration and cultural issues. Analysts note that key congressional races in Florida could prove decisive as Republicans attempt to retain their political advantage.

#DonaldTrump #USElections #FloridaPolitics #Midterms #USPolitics #Election2026 #Republicans #Democrats #GlobalPolitics #IranConflict #Economy #Inflation #FuelPrices #PoliticalNews #BreakingNews #timesg #kamakhya #assam #guwahati #kamrup #kamrupmetro",TimesG,timesg.as,https://www.instagram.com/p/DX3kKz6DMTB/,0,,0,2026-05-03T07:31:03.000Z,,DonaldTrump,USElections,FloridaPolitics,Midterms,USPolitics,Election2026,Republicans,Democrats,GlobalPolitics,IranConflict,Economy,Inflation,FuelPrices,PoliticalNews,BreakingNews,timesg,kamakhya,assam,guwahati,kamrup,kamrupmetro,,,,,,,,,,,Instagram
"""ایران کا تنازع اور ٹرمپ کا بڑا اعلان"" – عالمی سیاست میں نئی ہلچل! 🇺🇸🇮🇷
امریکی صدر ڈونلڈ ٹرمپ نے فلوریڈا میں خطاب کرتے ہوئے ایران کے حوالے سے انتہائی اہم اور دو ٹوک موقف اختیار کیا ہے۔ ان کا کہنا ہے کہ جب تک مقاصد حاصل نہیں ہو جاتے، امریکہ اس تنازع سے پیچھے نہیں ہٹے گا تاکہ مستقبل میں یہ مسئلہ دوبارہ سر نہ اٹھائے۔

ٹرمپ کے خطاب کے اہم نکات:

ایٹمی ہتھیاروں پر پابندی: ٹرمپ نے واضح کیا کہ ایران کو کسی صورت ایٹمی ہتھیار حاصل نہیں کرنے دیے جائیں گے۔

اسرائیل اور یورپ کا دفاع: ان کا دعویٰ ہے کہ اگر ایران کو نہ روکا جاتا تو اسرائیل اور یورپ کو شدید خطرات لاحق ہوتے۔

قیادت کا خاتمہ: صدر ٹرمپ کے مطابق ایران کی پہلے اور دوسرے درجے کی قیادت اب باقی نہیں رہی۔

آبنائے ہرمز اور تیل کی قیمتیں: انہوں نے بتایا کہ آبنائے ہرمز میں تیل کے 400 جہاز کھڑے ہیں، جن کے نکلنے سے ایندھن کی عالمی قیمتیں نمایاں کم ہو سکتی ہیں۔

#DonaldTrump #IranConflict #GlobalPolitics #OilPrices #worldnewstonight",Pakistan1 TV,pakistan1_tv,https://www.instagram.com/p/DX3kEVKDQdq/,0,,3,2026-05-03T07:30:10.000Z,,DonaldTrump,IranConflict,GlobalPolitics,OilPrices,worldnewstonight,,,,,,,,,,,,,,,,,,,,,,,,,,,Instagram
"Middle East War News:  ट्रंप की ईरान को फिर चेतावनी, बोले- जरूरत पड़ी तो करेंगे स्ट्राइक || MahuaaNews

MahuaaNews:  Donald Trump ने एक बार फिर Iran को लेकर सख्त रुख दिखाया है। अमेरिका और ईरान के बीच तनाव खत्म होने का नाम नहीं ले रहा है। ईरान की ओर से युद्धविराम और Strait of Hormuz खोलने का प्रस्ताव दिया गया था, लेकिन ट्रंप ने इस पर असंतोष जताया है।
ट्रंप ने साफ कहा है कि अगर ईरान “गलत हरकत” करता है, तो अमेरिका दोबारा सैन्य कार्रवाई करने से पीछे नहीं हटेगा। हालांकि उन्होंने यह भी कहा कि प्रस्ताव की समीक्षा की जाएगी और कूटनीतिक रास्ते को प्राथमिकता दी जाएगी। हालिया रिपोर्ट्स के मुताबिक ट्रंप ने संकेत दिया है कि जरूरत पड़ने पर ईरान पर नए स्ट्राइक हो सकते हैं।
वहीं, ईरान का कहना है कि पहले युद्ध रोका जाए और समुद्री रास्ते खोले जाएं, उसके बाद परमाणु मुद्दों पर बातचीत आगे बढ़ सकती है। अब पूरी दुनिया की नजर इस टकराव के अगले कदम पर टिकी है।

#trump #iran #usiran #warnews #breakingnews #middleeast #worldnews #straitofhormuz #donaldtrump
#iranconflict #geopolitics #oilcrisis #globaltension #latestnews #mahuaanews",Mahuaa News,mahuaa_news,https://www.instagram.com/p/DX3eskOjXeY/,0,,2,2026-05-03T06:43:14.000Z,,trump,iran,usiran,warnews,breakingnews,middleeast,worldnews,straitofhormuz,donaldtrump,iranconflict,geopolitics,oilcrisis,globaltension,latestnews,mahuaanews,,,,,,,,,,,,,,,,,Instagram
"വാർത്ത: ""ഒന്നെങ്കിൽ ഡീൽ... അല്ലെങ്കിൽ തീ കളി!"" ഇറാനെ വിറപ്പിച്ച് ട്രംപിന്റെ പുതിയ മൂവ്! ⚡🇺🇸🇮🇷
(മെയ് 3,2026)

ഇറാൻ വിഷയത്തിൽ തന്റെ നിലപാട് കൂടുതൽ കടുപ്പിച്ച് ഡൊണാൾഡ് ട്രംപ് രംഗത്ത്! കഴിഞ്ഞ രണ്ട് ദിവസമായി പുറത്തുവരുന്ന വാർത്തകൾ ലോകത്തെ തന്നെ ഞെട്ടിക്കുന്നതാണ്. ഇറാനെതിരെ വിട്ടുവീഴ്ചയില്ലാത്ത നിലപാടാണ് ട്രംപ് സ്വീകരിക്കുന്നത്.
*പ്രധാന ഹൈലൈറ്റുകൾ:
💥 ""ആ 15 ശതമാനവും എനിക്ക് ഇല്ലാതാക്കണം!""
ഇറാന്റെ മിസൈൽ ഉൽപ്പാദന ശേഷിയുടെ 85 ശതമാനവും തകർക്കപ്പെട്ടു കഴിഞ്ഞു. ബാക്കിയുള്ള ആ 15% കൂടി പൂർണ്ണമായും തുടച്ചുനീക്കണമെന്നാണ് ട്രംപിന്റെ ആഗ്രഹം. ""അവർ വീണ്ടും വളരാൻ ഞാൻ അനുവദിക്കില്ല"" - ട്രംപ് വ്യക്തമാക്കി.
🚫 സമാധാന വാഗ്ദാനങ്ങൾ തള്ളി!
ഇറാൻ മുന്നോട്ട് വെച്ച പുതിയ സമാധാന കരാർ (Peace Proposal) ട്രംപ് തള്ളിക്കളഞ്ഞു. ""ഇതൊന്നും എനിക്ക് തൃപ്തികരമല്ല, എനിക്ക് വേണ്ടത് കടുപ്പമേറിയ ഉടമ്പടികളാണ്"" എന്നാണ് അദ്ദേഹത്തിന്റെ പക്ഷം.
🚢 കടലിലെ കളി വേണ്ട!
ഹോർമുസ് കടലിടുക്കിൽ ഇറാൻ കാണിക്കുന്ന കസർത്തുകൾക്ക് അതേ നാണയത്തിൽ തിരിച്ചടി നൽകുമെന്ന സൂചനയും ട്രംപ് നൽകി കഴിഞ്ഞു. യുഎസ് സേന ഇറാനിയൻ ഓയിൽ ഷിപ്പുകൾ പിടിച്ചെടുക്കുന്നതിനെ കുറിച്ച് തന്റെ തനതായ ശൈലിയിൽ അദ്ദേഹം സംസാരിക്കുകയും ചെയ്തു.
☢️ ന്യൂക്ലിയർ സ്വപ്നം ഇനി വേണ്ട:
ഇറാൻ ഒരു കാലത്തും ആണവായുധം നിർമ്മിക്കില്ലെന്ന് ഉറപ്പുവരുത്താതെ ഒരു വിട്ടുവീഴ്ചയ്ക്കും അമേരിക്ക തയ്യാറല്ല.
*ചുരുക്കത്തിൽ:
ഒന്നെങ്കിൽ അമേരിക്ക പറയുന്ന നിബന്ധനകൾക്ക് ഇറാൻ വഴങ്ങണം, അല്ലെങ്കിൽ ഇറാന്റെ സൈനിക ശേഷി പൂർണ്ണമായും ഇല്ലാതാക്കാൻ ട്രംപ് മടിക്കില്ല. യുദ്ധം 'അവസാനിച്ചു' എന്ന് പറയുന്നുണ്ടെങ്കിലും, ഭീഷണി നിലനിൽക്കുന്നിടത്തോളം കാലം ട്രംപ് ശാന്തനാകില്ലെന്ന് ഉറപ്പ്!
ലോകം ഉറ്റുനോക്കുകയാണ്... അടുത്ത നീക്കം എന്ത്? 🌍🙏
#DonaldTrump #IranConflict #WorldNews #USA #Israel #BreakingNews #GlobalPolitics #TrumpUpdates",Jameson Thressiamma,james_mongodekaran,https://www.instagram.com/p/DX3V1zYD8xR/,0,,0,2026-05-03T05:25:51.000Z,,DonaldTrump,IranConflict,WorldNews,USA,Israel,BreakingNews,GlobalPolitics,TrumpUpdates,,,,,,,,,,,,,,,,,,,,,,,,Instagram
"যু'দ্ধে'র ক্ষ'ত বুকে নিয়ে পো'ড়া কাঠের কয়লা দিয়ে ঘরের দেয়ালে নিজের হারানো চোখ আঁকছেন ফিলিস্তিনি শিল্পী

ফিলিস্তিনি শিল্পী আরিজ আল-সাফিন (Areej al-Saafin)-এর। ২৬ বছর বয়সী এই শিল্পী গাজার আল-বুরেইজ শরণার্থী শিবিরের বাসিন্দা। ই'স'রা'য়ে'লি বিমান হা'ম'লা'য় তিনি তার ডান চোখ হা'রা'ন এবং একই হা'ম'লা'য় তার ভাই আমিন শাহাদাত বরণ করেন।

তিনি জানিয়েছেন যে, যু'দ্ধে'র আগে তার আঁকার পরিধি অনেক বিস্তৃত ছিল। কিন্তু চোখ হারানোর পর থেকে তিনি মূলত চোখের ছবিই আঁকেন, যা তার মানসিক আ'ঘা'ত এবং বর্তমান য'ন্ত্র'ণা'র প্রতিফলন।

যু'দ্ধে'র কারণে শিল্পকলা আঁকার প্রয়োজনীয় সরঞ্জাম হারিয়ে ফেলায় তিনি এখন পো'ড়া কাঠের কয়লা দিয়ে তার ঘরের দেয়ালে ছবি আঁকেন।

#HelloBanglaNews #GazaNews #PalestinianArtist #ArtOfResilience #HumanStory #WarImpact #MiddleEastNews #InspiringStory",HelloBangla.news,hellobanglanews,https://www.instagram.com/p/DX6CKoBkzim/,0,,0,2026-05-04T06:31:39.000Z,,HelloBanglaNews,GazaNews,PalestinianArtist,ArtOfResilience,HumanStory,WarImpact,MiddleEastNews,InspiringStory,,,,,,,,,,,,,,,,,,,,,,,,Instagram
"🇮🇷🇪🇺 La guerre en Iran change même les destinations des yachts des ultra-riches ⛵💰🚨
Les marinas de Barcelone, Majorque et de la Côte d’Azur connaissent une saison exceptionnelle 💥 parce que les propriétaires de yachts évitent désormais la Méditerranée orientale, devenue trop proche d’une zone de guerre. 😬
L’argent qui allait vers l’est coule maintenant vers l’ouest… et l’ouest de la Méditerranée en profite à fond. 🌊💸
Source : Bloomberg
#IranWar #Yachts #Mediterranee #Barcelone #Majorque #CoteDAzur #LuxuryTravel #Geopolitique #Riches #Tourisme #ActualiteChoc #WesternMed #Bloomberg #ChangementHabitudes #WarImpact #MediterraneanCrisis #LuxuryYachts ⛵💰🌍",Rose News Alert,rose_news_alert,https://www.instagram.com/p/DX4ME_6kkuQ/,1,,0,2026-05-03T13:19:46.000Z,,IranWar,Yachts,Mediterranee,Barcelone,Majorque,CoteDAzur,LuxuryTravel,Geopolitique,Riches,Tourisme,ActualiteChoc,WesternMed,Bloomberg,ChangementHabitudes,WarImpact,MediterraneanCrisis,LuxuryYachts,,,,,,,,,,,,,,,Instagram
"UN warns funding cuts are slowing mine clearance efforts in Afghanistan

The United Nations has warned that declining humanitarian funding, driven in part by rising global conflicts and increased defense spending, is significantly slowing mine clearance operations in Afghanistan.

#ArianaNews #Afghanistan #UnitedNations #Landmines #MineClearance #HumanitarianCrisis #ExplosiveRemnants #ChildSafety #WarImpact #HumanitarianAid #FundingCrisis #UNAMA #GlobalConflicts",Ariana News,ariananews.official,https://www.instagram.com/p/DX4AC2eCifS/,0,,9,2026-05-03T11:34:40.000Z,,ArianaNews,Afghanistan,UnitedNations,Landmines,MineClearance,HumanitarianCrisis,ExplosiveRemnants,ChildSafety,WarImpact,HumanitarianAid,FundingCrisis,UNAMA,GlobalConflicts,,,,,,,,,,,,,,,,,,,Instagram
"War Doesn’t End… It Evolves.

Wars are often measured in territory, power, and outcomes.
But the real impact is not visible on maps.
It lives in people.
In children who grow up with fear instead of stability.
In families who carry loss across generations.
In minds shaped by trauma instead of peace.
⚠️ War does not end when the fighting stops,
it continues in memories, behavior, and broken futures.
🌍 The world focuses on conflicts…
but forgets the long-term consequences.
Because while borders may change quickly…
healing takes decades.

#WarImpact
#HumanCost
#PeaceMatters
#GlobalAwareness
#FutureGenerations",MetaBrain Nexus,metabrain_nexus,https://www.instagram.com/p/DX32uLZDEqG/,0,,1,2026-05-03T10:13:11.000Z,,WarImpact,HumanCost,PeaceMatters,GlobalAwareness,FutureGenerations,,,,,,,,,,,,,,,,,,,,,,,,,,,Instagram
"“Dahil sa Digmaan ng U.S. at Israel laban sa Iran ? 𝟭𝟳,𝟬𝟬𝟬 𝗡𝗮𝘄𝗮𝗹𝗮𝗻 𝗻𝗴 𝗧𝗿𝗮𝗯𝗮𝗵𝗼 𝗠𝗮𝘁𝗮𝗽𝗼𝘀 𝗕𝘂𝗺𝗮𝗴𝘀𝗮𝗸 𝗮𝗻𝗴 𝗦𝗽𝗶𝗿𝗶𝘁 𝗔𝗶𝗿𝗹𝗶𝗻𝗲𝘀”

‎May 3, 2026. Ang pagsasara ng Spirit Airlines ay hindi lang simpleng problema sa negosyo—ito ay direktang epekto ng pandaigdigang krisis. Dahil sa digmaan ng U.S. at Israel laban sa Iran, tumaas nang husto ang presyo ng langis at jet fuel, na siyang pangunahing gastusin ng mga airline.
‎
‎Sa katunayan, halos doble ang tinaas ng presyo ng jet fuel sa gitna ng conflict, kaya hindi na kinaya ng Spirit Airlines ang operasyon nito, lalo na’t dati na itong may problemang pinansyal.
‎
‎Bahagyang isinisisi ang mabilis na pagbagsak ng kumpanya sa pagtaas ng presyo ng gasolina, na dulot ng digmaan ng U.S. at Israel laban sa Iran.
‎
‎Source: 
‎
‎(1) Xinhua News. ( May 3, 2026). U.S. Spirit Airlines ceases operation amid war-driven fuel price surge.
‎
‎(2) The Guardian. ( May 3, 2026). Spirit Airlines ceases operations and US transportation secretary announces measures to help passengers
‎.
‎#BreakingNewsPH
‎#GlobalCrisis
‎#WarImpact
‎#JobLossCrisis
‎#EconomyWatch",Saripo Moctar,saripomoctar,https://www.instagram.com/p/DX3G0o9DCDE/,0,,0,2026-05-03T03:14:37.000Z,,BreakingNewsPH,GlobalCrisis,WarImpact,JobLossCrisis,EconomyWatch,,,,,,,,,,,,,,,,,,,,,,,,,,,Instagram
"इरान युद्ध: वास्तविक विजेता को? तथ्यले आश्चर्यचकित बनाउनेछ — रिपोर्ट तुरुन्त पढ्नुहोस्! 🔍

#routineofnepalbanchha #nepalinews #IranWar #MiddleEast #USIran #Casualties #Geopolitics #BreakingNews #WarImpact #GlobalSecurity",Routine of Nepal Banchha,routineofnepalbanchha,https://www.instagram.com/p/DX3BIl7iv4l/,0,,0,2026-05-03T02:25:07.000Z,,routineofnepalbanchha,nepalinews,IranWar,MiddleEast,USIran,Casualties,Geopolitics,BreakingNews,WarImpact,GlobalSecurity,,,,,,,,,,,,,,,,,,,,,,Instagram
"Petrol dorakakapothe… bike ni gym workout laga push chesthunna 😤 

🎵 Song: Naatu Naatu (RRR) 
#petrolshortage #telugumemes #workout #viral #warimpact",Rolex__yadhav,rolex__01012,https://www.instagram.com/p/DX2IMSAiZKI/,0,,1,2026-05-02T18:07:26.000Z,,petrolshortage,telugumemes,workout,viral,warimpact,,,,,,,,,,,,,,,,,,,,,,,,,,,Instagram
"Before war: Full tank petti chill 😎 
After war: 1 litre kosam 1 hour queue 😭🔥 

🎵 Song: Ramuloo Ramulaa (Ala Vaikunthapurramuloo) 
#petrolshortage #telugumemes #viral #warimpact #beforeafter",Rolex__yadhav,rolex__01012,https://www.instagram.com/p/DX2H5axlA0i/,0,,3,2026-05-02T18:04:54.000Z,,petrolshortage,telugumemes,viral,warimpact,beforeafter,,,,,,,,,,,,,,,,,,,,,,,,,,,Instagram
"1 km queue lo nilchoni… sun heat lo fry ayyi… 🥵⛽ 

🎵 Song: Ammudu Let's Do Kummudu (Khaidi No. 150) 
#petrolshortage #telugumemes #viral #warimpact #telangana #andhrapradesh",hitlar,falcon__901,https://www.instagram.com/p/DX2HUynCTFk/,0,,2,2026-05-02T18:00:12.000Z,,petrolshortage,telugumemes,viral,warimpact,telangana,andhrapradesh,,,,,,,,,,,,,,,,,,,,,,,,,,Instagram
"At least 12 people, including a child, have been killed in southern Lebanon as airstrikes continue despite a ceasefire. In Habboush, homes were destroyed and families buried under rubble. Rescuers are still searching for survivors as civilians—women and children—make up many of the victims.

More strikes across the region have added to the death toll, with entire neighbourhoods flattened and basic infrastructure like homes, schools, and even a convent destroyed.

The situation remains critical, with escalating violence and rising civilian casualties.

#Lebanon #SouthLebanon #MiddleEast #LebanonCrisis #MiddleEastConflict #BreakingNews #WorldNews #GlobalNews #InternationalNews #War #Conflict #WarNews #HumanRights #HumanRightsMatter #HumanitarianCrisis #Ceasefire #CeasefireNow #Peace #PeaceNow #PrayForPeace #StopWar #StandForPeace #InnocentLives #WarImpact #GlobalIssues #CrisisAlert #Awareness #CurrentEvents #NewsUpdate #TrendingNow",Meridian Point,meridianpointnews,https://www.instagram.com/p/DX1-D4HDVQm/,0,,4,2026-05-02T16:38:49.000Z,,Lebanon,SouthLebanon,MiddleEast,LebanonCrisis,MiddleEastConflict,BreakingNews,WorldNews,GlobalNews,InternationalNews,War,Conflict,WarNews,HumanRights,HumanRightsMatter,HumanitarianCrisis,Ceasefire,CeasefireNow,Peace,PeaceNow,PrayForPeace,StopWar,StandForPeace,InnocentLives,WarImpact,GlobalIssues,CrisisAlert,Awareness,CurrentEvents,NewsUpdate,TrendingNow,,Instagram
"“Iran Standoff Risks Backfiring: Trump Could End Up Worse Off Than Before War”

More than two months into the conflict, the U.S.–Iran standoff is showing no clear military or diplomatic victory, raising concerns that the war may leave President Donald Trump in a weaker position. Despite heavy strikes, key objectives—such as curbing Iran’s nuclear ambitions or forcing regime change—remain unfulfilled, while global and domestic pressures continue to rise.

Impact

Weakened U.S. Strategic Position
A prolonged stalemate could reduce U.S. influence in the Middle East.

Global Economic Strain
High oil prices and disrupted trade routes continue to affect inflation and global markets.

Political Fallout for Trump
Domestic pressure and declining approval ratings could impact future elections and leadership credibility.

Long-Term Instability
Instead of resolution, the conflict risks becoming a prolonged geopolitical flashpoint.
Source: Reuters
#Trump #Iran #IranWar #USIran #BreakingNews #WorldNews #GlobalPolitics #Geopolitics #WarAnalysis #MilitaryStrategy #GlobalTensions #MiddleEastCrisis #ConflictZone #WarImpact #GlobalEconomy #OilPrices #EnergyCrisis #Inflation #WorldAffairs #EconomicImpact #LeadershipCrisis #PolicyFailure #PoliticalRisk #USPolitics #StrategicFailure",Across Borders,acrossborders12,https://www.instagram.com/p/DX1xa6wFN2F/,0,,0,2026-05-02T14:48:21.000Z,,Trump,Iran,IranWar,USIran,BreakingNews,WorldNews,GlobalPolitics,Geopolitics,WarAnalysis,MilitaryStrategy,GlobalTensions,MiddleEastCrisis,ConflictZone,WarImpact,GlobalEconomy,OilPrices,EnergyCrisis,Inflation,WorldAffairs,EconomicImpact,LeadershipCrisis,PolicyFailure,PoliticalRisk,USPolitics,StrategicFailure,,,,,,,Instagram
"لبنان میں جنگ کے باعث غذائی بحران سنگین، 12 لاکھ سے زائد افراد متاثر ہونے کا خدشہ
اقوام متحدہ کی رپورٹ کے مطابق اس بگاڑ کی بڑی وجوہات جنگی صورتِ حال، آبادی کی نقل مکانی اور معاشی دباؤ ہیں۔ 

#LebanonCrisis #FoodCrisis #MiddleEastWar #HumanitarianCrisis #UNReport #DisplacementCrisis #GlobalHunger #WarImpact #LebanonNews #AidEmergency",🇵🇰 Adeel Ehsan 🇵🇹,desaurpardes,https://www.instagram.com/p/DX1m-fME04B/,2,,6,2026-05-02T13:17:06.000Z,,LebanonCrisis,FoodCrisis,MiddleEastWar,HumanitarianCrisis,UNReport,DisplacementCrisis,GlobalHunger,WarImpact,LebanonNews,AidEmergency,,,,,,,,,,,,,,,,,,,,,,Instagram
"امریکا کا یورپی اتحادیوں کو اسلحہ ترسیل میں تاخیر کا انتباہ
برطانوی اخبار Financial Times کی رپورٹ کے مطابق امریکا نے اپنے یورپی اتحادیوں کو اسلحہ کی ترسیل میں ممکنہ تاخیر سے آگاہ کر دیا ہے۔ امریکی حکام کا مؤقف ہے کہ موجودہ صورتحال میں دفاعی ذخائر پر دباؤ بڑھ گیا ہے، جس کی وجہ سے سپلائی چین متاثر ہو سکتی ہے۔
رپورٹ کے مطابق امریکی انتظامیہ نے برطانیہ، پولینڈ، لتھوانیا اور اسٹونیا کو آگاہ کیا ہے کہ اسلحے کی ترسیل میں تاخیر ممکن ہے۔ بتایا گیا ہے کہ موجودہ عسکری ضروریات اور عالمی تناؤ کے باعث امریکی اسلحہ ذخائر پر نمایاں دباؤ پڑا ہے۔
امریکی حکام کے مطابق بعض دفاعی سازوسامان کی بڑی مقدار حالیہ تنازعات میں استعمال ہو رہی ہے، جس سے سپلائی کا توازن متاثر ہوا ہے۔ ماہرین کے مطابق اگر یہ صورتحال برقرار رہی تو یورپی دفاعی منصوبوں اور نیٹو کی حکمت عملی پر بھی اثرات مرتب ہو سکتے ہیں۔
#USArms #FinancialTimes #Europe #DefenseSupply #USAllies #Poland #UK #Lithuania #Estonia #NATO #DefensePolicy #MilitaryAid #GlobalSecurity #Geopolitics #ArmsSupply #BreakingNews #WorldNews #USDefense #EuropeSecurity #WarImpact #InternationalRelations #DefenseCrisis #MilitarySupport #NewsUpdate #StrategicIssues",Top Digital 24x7,topdigital24x7,https://www.instagram.com/p/DX1SJ6UDH54/,0,,0,2026-05-02T10:15:09.000Z,,USArms,FinancialTimes,Europe,DefenseSupply,USAllies,Poland,UK,Lithuania,Estonia,NATO,DefensePolicy,MilitaryAid,GlobalSecurity,Geopolitics,ArmsSupply,BreakingNews,WorldNews,USDefense,EuropeSecurity,WarImpact,InternationalRelations,DefenseCrisis,MilitarySupport,NewsUpdate,StrategicIssues,,,,,,,Instagram
"போர் நடப்பது எங்கோ - பாதிக்கப்படும் மக்கள் இங்கே!
செய்தி:

ரூ. 3 ஆயிரத்தைத் தாண்டியது வணிக சிலிண்டரின் விலை. - இதுவரை இல்லாத வரையில் வணிக சிலிண்டர் விலை ரூ.990 உயர்வு!

ஓட்டல்களில் உணவு வகைகள் விலை அதிகரிக்க வாய்ப்பு.

கோவிந்த் கமெண்ட்:

ஏற்கனவே மேற்காசியப் போர் துவங்கியதிலிருந்து கச்சா எண்ணெய் விலை உயர்ந்து அதன் தொடர்ச்சியாக பல்வேறு வாகனங்களின் கட்டணம் உயர்ந்து அதன் பின்விளைவாக விலைவாசியும் ஏறிக் கொண்டிருக்கிறது.

இந்த நிலையில், தற்போது இருக்கும் நிலைமை மேலும் பொருளாதாரச் சிக்கலை ஏற்படுத்தும் ஆபத்திருக்கிறது.

எங்கோ போர் நடந்தாலும், அதன்விளைவுகள் இறங்குவது மட்டும் சராசரி மக்களின் தலை மீதுதான்!

#மேற்காசியப்போர் #West Asia War #ஓட்டல்உணவு #விலைவாசிஉயர்வு #Inflation #வணிகசிலிண்டர் #சிலிண்டர்விலைஉயர்வு #Rs990 #CommercialCylinder #HotelFood #PriceIncrease #WarImpact",தாய் இதழ்,thaaii.in,https://www.instagram.com/p/DX1JBktmWbL/,0,,0,2026-05-02T08:55:22.000Z,,மேற்காசியப்போர்,West,ஓட்டல்உணவு,விலைவாசிஉயர்வு,Inflation,வணிகசிலிண்டர்,சிலிண்டர்விலைஉயர்வு,Rs990,CommercialCylinder,HotelFood,PriceIncrease,WarImpact,,,,,,,,,,,,,,,,,,,,Instagram
"#NewsUpdate | वेस्‍ट एशिया में जारी संकट के बीच अब पेट्रोल-डीजल को लेकर बड़ा अपडेट मिला है। TOI ने एक सरकारी सूत्रों के हवाले से बताया है कि आने वाले समय में पेट्रोल-डीजल की कीमतों में बढ़ोतरी हो सकती है। सरकारी सूत्रों ने शुक्रवार को कहा, कि आने वाले समय में पेट्रोल और डीजल (Petrol And Diesel Price) की कीमतों में बढ़ोतरी से इनकार नहीं किया जा सकता है, क्योंकि दुनिया भर में कच्चे तेल की कीमतों में तेज़ी से बढ़ोतरी के बावजूद रिटेल रेट में 4 साल से लगी रोक से नुकसान बढ़ रहा है।

#ETNSNews #WestAsiaWar #WarImpact #PetrolDieselPriceHike

(पूरी खबर पढ़ें, लिंक बायो में है)",ET NOW Swadesh,etnowswadesh,https://www.instagram.com/p/DX1GJ0RACk4/,4,,132,2026-05-02T08:30:17.000Z,,NewsUpdate,ETNSNews,WestAsiaWar,WarImpact,PetrolDieselPriceHike,,,,,,,,,,,,,,,,,,,,,,,,,,,Instagram
"JUST IN: Donald Trump claims that if the U.S. pulled out of Iran right now, it would take the country “about 20 years to rebuild” after the war.

According to his statements, Iran’s military infrastructure has been “destroyed” and set back by decades. But here’s the reality check—independent reports suggest a large part of Iran’s capabilities is still intact, meaning the full damage may not be as extreme as claimed.

Still, one thing is clear: modern wars don’t just end when bombs stop—they leave long-term scars on economies, infrastructure, and people. Rebuilding a nation isn’t just about weapons, it’s about stability, leadership, and time.

So whether it’s 10 years or 20 years, the real cost of war is always measured in decades.

#Trump #Iran #WorldNews #Geopolitics #WarImpact",Keshav Shashi Vlogs,keshavshashivlogs61,https://www.instagram.com/p/DX00IZoG1KE/,0,,0,2026-05-02T05:52:49.000Z,,Trump,Iran,WorldNews,Geopolitics,WarImpact,,,,,,,,,,,,,,,,,,,,,,,,,,,Instagram
"جنگ کے سائے گہرے — سعودی ترقی متاثر، مزید مشکلات آنے کا خدشہ۔

جنگی حالات کے باعث سعودی عرب کی معاشی ترقی سست پڑ رہی ہے، جبکہ ماہرین خبردار کر رہے ہیں کہ آنے والے دنوں میں چیلنجز مزید بڑھ سکتے ہیں۔

War is casting a shadow over Saudi Arabia’s growth, with experts warning that tougher challenges may still lie ahead.

#SaudiArabia #Economy #WarImpact #Growth #MiddleEast #BreakingNews #GlobalEconomy #SaudiNews #Outlook #Challenges",MALIK MEDIA,malik_media1,https://www.instagram.com/p/DX0jXaaAHow/,1,,1,2026-05-02T03:26:18.000Z,,SaudiArabia,Economy,WarImpact,Growth,MiddleEast,BreakingNews,GlobalEconomy,SaudiNews,Outlook,Challenges,,,,,,,,,,,,,,,,,,,,,,Instagram
"Dubai’s tourism industry is struggling amid the US-Israel war with Iran. Last year, the city welcomed 19.59 million visitors, but the conflict has led to a sharp decline in tourist numbers. 🚨

Restaurants, hotels, and travel agencies are reporting significant drops in revenue. Natasha Sideris, owner of Tashas hospitality group, says her outlets have seen declines of 50–80%. Many businesses have cut salaries or placed staff on unpaid leave.

The war has disrupted air travel, with thousands of flights cancelled. Hotel occupancy has dropped to 15–20% of normal levels, and some properties have temporarily closed.

Dubai’s government has announced $272.26 million in support for affected businesses. Follow for updates.

#Dubai #Tourism #WarImpact",The Meta Times,themetatimesofficial,https://www.instagram.com/p/DXzixeyFh4W/,0,,0,2026-05-01T18:02:06.000Z,,Dubai,Tourism,WarImpact,,,,,,,,,,,,,,,,,,,,,,,,,,,,,Instagram
"JUST IN: Donald Trump claims that if the U.S. pulled out of Iran right now, it would take the country “about 20 years to rebuild” after the war.

According to his statements, Iran’s military infrastructure has been “destroyed” and set back by decades. But here’s the reality check—independent reports suggest a large part of Iran’s capabilities is still intact, meaning the full damage may not be as extreme as claimed.

Still, one thing is clear: modern wars don’t just end when bombs stop—they leave long-term scars on economies, infrastructure, and people. Rebuilding a nation isn’t just about weapons, it’s about stability, leadership, and time.

So whether it’s 10 years or 20 years, the real cost of war is always measured in decades.

#Trump #Iran #WorldNews #Geopolitics #WarImpact",SARCASM FLIX,sarcasm.flix,https://www.instagram.com/p/DXzSXyyE0eS/,4,,148,2026-05-01T15:38:34.000Z,,Trump,Iran,WorldNews,Geopolitics,WarImpact,,,,,,,,,,,,,,,,,,,,,,,,,,,Instagram
"JUST IN: Donald Trump claims that if the U.S. pulled out of Iran right now, it would take the country “about 20 years to rebuild” after the war.

According to his statements, Iran’s military infrastructure has been “destroyed” and set back by decades. But here’s the reality check—independent reports suggest a large part of Iran’s capabilities is still intact, meaning the full damage may not be as extreme as claimed.

Still, one thing is clear: modern wars don’t just end when bombs stop—they leave long-term scars on economies, infrastructure, and people. Rebuilding a nation isn’t just about weapons, it’s about stability, leadership, and time.

So whether it’s 10 years or 20 years, the real cost of war is always measured in decades.

#Trump #Iran #WorldNews #Geopolitics #WarImpact",Sakht Community 🔥🤩,single.sakht,https://www.instagram.com/p/DXzSVwaE9Fp/,2,,466,2026-05-01T15:38:26.000Z,,Trump,Iran,WorldNews,Geopolitics,WarImpact,,,,,,,,,,,,,,,,,,,,,,,,,,,Instagram
"వార్ ఎఫెక్ట్ హజ్ యాత్రికులపై రూ. 10 వేల అదనపు భారం

#HajjPilgrimage #Hajj2026 #TravelCosts #WarImpact #PriceRise #PilgrimNews #InternationalTravel #CostOfLiving #GlobalCrisis #IndiaNews #v6news #v6 #v6velugu #v6buzz",V6 Velugu,v6velugu,https://www.instagram.com/p/DXypBgRFN5e/,0,,0,2026-05-01T09:37:15.000Z,,HajjPilgrimage,Hajj2026,TravelCosts,WarImpact,PriceRise,PilgrimNews,InternationalTravel,CostOfLiving,GlobalCrisis,IndiaNews,v6news,v6,v6velugu,v6buzz,,,,,,,,,,,,,,,,,,Instagram
"వార్ ఎఫెక్ట్ హజ్ యాత్రికులపై రూ. 10 వేల అదనపు భారం

#HajjPilgrimage #Hajj2026 #TravelCosts #WarImpact #PriceRise #PilgrimNews #InternationalTravel #CostOfLiving #GlobalCrisis #IndiaNews #v6news #v6 #v6velugu #v6buzz",V6 News Telugu,v6newstelugu,https://www.instagram.com/p/DXyo8_blM4H/,4,,48,2026-05-01T09:36:38.000Z,,HajjPilgrimage,Hajj2026,TravelCosts,WarImpact,PriceRise,PilgrimNews,InternationalTravel,CostOfLiving,GlobalCrisis,IndiaNews,v6news,v6,v6velugu,v6buzz,,,,,,,,,,,,,,,,,,Instagram
"వార్ ఎఫెక్ట్ హజ్ యాత్రికులపై రూ. 10 వేల అదనపు భారం

#HajjPilgrimage #Hajj2026 #TravelCosts #WarImpact #PriceRise #PilgrimNews #InternationalTravel #CostOfLiving #GlobalCrisis #IndiaNews  #v6news #v6 #v6velugu #v6buzz",V6 Buzz,v6buzz,https://www.instagram.com/p/DXyo6wRkTjz/,0,,3,2026-05-01T09:36:20.000Z,,HajjPilgrimage,Hajj2026,TravelCosts,WarImpact,PriceRise,PilgrimNews,InternationalTravel,CostOfLiving,GlobalCrisis,IndiaNews,v6news,v6,v6velugu,v6buzz,,,,,,,,,,,,,,,,,,Instagram
"#national : India witnessed a sharp fuel price shift on Friday as commercial LPG cylinder rates surged by ₹993, pushing the 19-kg cylinder price to ₹3,071.50 in Delhi and ₹3,024 in Mumbai. Mini 5-kg cylinders also became costlier by ₹261.

While restaurants, hotels, and food businesses may feel the heat—and possibly pass higher costs to customers—there was relief for households as domestic LPG prices remained unchanged. Petrol, diesel, kerosene, and domestic airline fuel rates were also kept stable to shield common consumers from rising global energy pressures.

Experts say the move reflects a balancing act: protecting households while aligning commercial fuel prices with volatile international markets. 

#LPGPriceHike #WarImpact #IndiaEconomy #FuelUpdate",Moi Sivasagar,moi.sivasagar,https://www.instagram.com/p/DXyjXSNiUcV/,3,,376,2026-05-01T08:48:04.000Z,,national,LPGPriceHike,WarImpact,IndiaEconomy,FuelUpdate,,,,,,,,,,,,,,,,,,,,,,,,,,,Instagram
"Donald Trump Jr. and his fiancée, Bettina Anderson, have indeed put their wedding plans on hold due to the ongoing conflict with Iran. While the couple was reportedly eager to marry—having already held a bridal shower at Mar-a-Lago—they have decided to wait for a more appropriate global climate before setting a final date.

Key Details on the Wedding Delay
Conflict Sensitivity: Insiders shared that a lavish celebration during the ongoing war would be poorly received.

Venue Uncertainty: Although the couple initially hoped for a White House ceremony, sources suggest that President Donald Trump may have declined the request, believing the venue should be reserved for events that ""elevate the Trump brand"". Logistical issues, such as unfinished ballroom renovations, have also been cited.

Relationship Status: The couple has been engaged since December 15, 2025, after the President announced the news during a White House holiday party.

Recent Milestones: Despite the pause, preparations have continued; Anderson hosted an ""Enchanted Garden"" themed bridal shower at Mar-a-Lago on April 12, 2026.

The couple is reportedly considering alternative options, including a very intimate family-only ceremony or a ""quick elopement"" followed by a larger celebration once international tensions settle.

What do you think? Let us know by commenting, sharing, and liking our page for the latest exclusive news on celebrities, music, streaming, and more.

Official coming soon 🤩️‍🔥❤️: MusicCreedLive.com

RogueHoundStudios.com is an independent mass media, multimedia, design, music, visual, sound, film, scriptwriting, CGI/FX, animation, cybersecurity, data storage, entertainment, visual & sound technology, & etc. production company.

#DonaldTrumpJr #BettinaAnderson #TrumpWedding #WeddingDelay #IranWar #MiddleEastConflict #PoliticalWedding #TrumpFamily #BreakingNews #WhiteHouseWedding #MarALago #WeddingPolitics #GlobalCrisis #ConflictUpdate #Trump2026 #WarImpact #WeddingWatch #GOP #PoliticalNews #HighStakes #BettinaAndDonJr #WeddingPostponed #WorldEvents #NationalSecurity #InternationalRelations #PublicImage #TrumpNews #WeddingPlanning #SecurityConcerns #GlobalTensions",MusicCreedLive®,musiccreedlive_,https://www.instagram.com/p/DXw9ahJlV1s/,0,,1,2026-04-30T17:56:57.000Z,,DonaldTrumpJr,BettinaAnderson,TrumpWedding,WeddingDelay,IranWar,MiddleEastConflict,PoliticalWedding,TrumpFamily,BreakingNews,WhiteHouseWedding,MarALago,WeddingPolitics,GlobalCrisis,ConflictUpdate,Trump2026,WarImpact,WeddingWatch,GOP,PoliticalNews,HighStakes,BettinaAndDonJr,WeddingPostponed,WorldEvents,NationalSecurity,InternationalRelations,PublicImage,TrumpNews,WeddingPlanning,SecurityConcerns,GlobalTensions,,Instagram
"Khyber Pakhtunkhwa Chief Minister Afridi has blamed the US-led war on terror for keeping an entire generation in the province illiterate.Speaking at a public event, CM Afridi said decades of conflict and instability caused by the war severely damaged the education system in KP. He claimed the prolonged militancy and military operations disrupted schooling for millions of children. The statement has sparked debate about the long-term impact of the war on terror on the region’s development.

#CMAfridi #WarOnTerror #KPIlliteracy #PakistanEducation #KhyberPakhtunkhwa #AfridiStatement #EducationCrisis #WarImpact #KPNews #PakistanPolitics",Nation Bytes,nationbytesofficial,https://www.instagram.com/p/DXwUs3hjeGG/,0,,0,2026-04-30T12:01:12.000Z,,CMAfridi,WarOnTerror,KPIlliteracy,PakistanEducation,KhyberPakhtunkhwa,AfridiStatement,EducationCrisis,WarImpact,KPNews,PakistanPolitics,,,,,,,,,,,,,,,,,,,,,,Instagram
"📊 Iran’s war economy is under severe strain.

💸 Inflation is estimated at 50–70%, with food and essentials rising even faster — squeezing households hard. 
🛢️ Oil, petrochemicals, metals, and shipping face disruption, raising costs and cutting hard-currency inflows. 
🏭 Reported strikes have affected manufacturing, steel, logistics, airports, and military/dual-use infrastructure — with reconstruction likely prioritizing military assets first.

What do you think becomes the biggest pressure point: jobs, prices, or infrastructure? 👇

#Research #Insights #IranEconomy #Geopolitics #WarImpact #EnergySecurity #Infrastructure #MiddleEast #GlobalMarkets",Cesar Cadena,kautiousco,https://www.instagram.com/p/DXwO4YYFGm5/,0,,0,2026-04-30T11:10:23.000Z,,Research,Insights,IranEconomy,Geopolitics,WarImpact,EnergySecurity,Infrastructure,MiddleEast,GlobalMarkets,,,,,,,,,,,,,,,,,,,,,,,Instagram
"France-based TotalEnergies on Wednesday became the latest fossil fuel giant to report massive profits juiced by the US-Israeli war on Iran, which has sent global oil prices surging and jacked up costs for consumers.

TotalEnergies announced in its first-quarter earnings report that it would increase returns to shareholders through a higher dividend and stock buybacks after seeing $5.8 billion in profits and $8.6 billion in cash flow during the first three months of 2026. The company attributed its profit growth to its “ability to capture price upside,” corporate-speak for cashing in as consumers face rising energy costs.

“While families watch their bills skyrocket, TotalEnergies posts some of its best financial results without even paying its fair share of taxes,” said Fanny Petitbon, France country manager at the environmental group 350.org. “We are witnessing an obscene transfer of wealth: The war enriches shareholders as it impoverishes citizens.”

“We demand that France stop yielding to oil lobbyists and introduce, without delay, a permanent and ambitious tax on fossil fuel profits,” Petitbon added. “Every day of inaction is a deliberate political choice in favor of shareholders and against citizens.”

TotalEnergies’ report came a day after the British oil giant BP reported that its profits more than doubled compared to the first quarter of last year. 

In an analysis released over the weekend, Oxfam projected that six of the world’s largest fossil fuel companies—including BP and TotalEnergies—will rake in $2,967 in profits per second this year, an increase of roughly $37 million per day compared to last year.

🔗Link in @newsgramhq bio to read the full story 

[ Oil companies war profits surge, Energy giants record earnings conflict, Global oil prices geopolitical tensions, Fossil fuel profits crisis impact, Corporate gains vs global instability ] 

#OilProfits #EnergyCrisis
#GlobalEconomy #WarImpact
#BigOil 

[ This article is republished from Common Dreams ]",NewsGram.com,newsgramhq,https://www.instagram.com/p/DXv3ZV4ky4R/,0,,2,2026-04-30T07:45:07.000Z,,OilProfits,EnergyCrisis,GlobalEconomy,WarImpact,BigOil,,,,,,,,,,,,,,,,,,,,,,,,,,,Instagram
"مشرق وسطیٰ جنگ نے ہماری دو سال کی اجتماعی کاوشوں کو نقصان پہنچایا۔ وزیراعظم پاکستان شہباز شریف

#MiddleEast #ShehbazSharif #Pakistan #ForeignPolicy #Geopolitics #WarImpact #Economy #Diplomacy #BreakingNews #WorldNews",ghazwa news,ghazwanews,https://www.instagram.com/p/DXuGG_8jFG0/,0,,0,2026-04-29T15:15:12.000Z,,MiddleEast,ShehbazSharif,Pakistan,ForeignPolicy,Geopolitics,WarImpact,Economy,Diplomacy,BreakingNews,WorldNews,,,,,,,,,,,,,,,,,,,,,,Instagram
"⚡ В последние недели Дубай столкнулся с резким спадом туристического потока из-за войны между США, Израилем и Ираном. Город, который в прошлом году принял 19,59 млн международных посетителей, теперь сталкивается с пустыми отелями и ресторанами.

Рестораны и отели сообщают о падении доходов на 50–80%. Владелица сети ресторанов Natasha Sideris была вынуждена сократить зарплаты сотрудников на 30%, чтобы избежать увольнений. Туристические объекты, включая роскошные отели на Пальме Джумейра, предлагают скидки до 50%.

Закрытие воздушного пространства и атаки на инфраструктуру привели к отмене тысяч рейсов. Загрузка отелей упала до 15–20% от обычного уровня. Власти Дубая объявили о поддержке бизнеса на $272 млн.

Следите за обновлениями.
#Dubai #Tourism #WarImpact",The Meta Times на Русском,themetatimes_ru,https://www.instagram.com/p/DXt9nb8FlW6/,0,,0,2026-04-29T14:01:14.000Z,,Dubai,Tourism,WarImpact,,,,,,,,,,,,,,,,,,,,,,,,,,,,,Instagram
"Urgent crisis in Bangladesh's haor region: Rising waters and labour shortages threaten the boro rice harvest. Thousands of hectares already submerged. #BoroHarvest #AgriculturalCrisis #BangladeshEconomy #FoodSecurity #HaorRegion

Link in bio",BDJam,bdjamnews,https://www.instagram.com/p/DXyH46pFJm1/,0,,0,2026-05-01T04:47:53.000Z,,BoroHarvest,AgriculturalCrisis,BangladeshEconomy,FoodSecurity,HaorRegion,,,,,,,,,,,,,,,,,,,,,,,,,,,Instagram
"Pakistan's Wheat Production Faces 'Serious Threat' Due to Extreme Weather: Millions of Tonnes May Be Lost!

Adverse weather conditions, including heatwaves and storms, are projected to significantly reduce Pakistan's wheat output by 1.2 million tonnes this season, sparking concerns over food security.

#Pakistanwheatproduction #wheatharvest #adverseweather #climatechangeimpact #Rabiseason #foodsecurityPakistan #cropdamage #heatwave #hailstorms #graindevelopment #cropmaturity #wheatshortfall #governmentimports #strategicreserves #Punjabagriculture #Sindhagriculture #yieldperacre #marketstabilization #agriculturalcrisis #Pakistaneconomy #foodprices 

Read More: https://www.momentumpakistan.com/blog/pakistans-wheat-production-faces-serious-threat-due-to-extreme-weather-millions-of-tonnes-may-be-lost-2026-04-29-12-31-29-fltetmqscp-73828
Visit Us: https://www.momentumpakistan.com",Momentum Pakistan,momentumpakistan,https://www.instagram.com/p/DXtRHnUDvcd/,0,,0,2026-04-29T07:32:14.000Z,,Pakistanwheatproduction,wheatharvest,adverseweather,climatechangeimpact,Rabiseason,foodsecurityPakistan,cropdamage,heatwave,hailstorms,graindevelopment,cropmaturity,wheatshortfall,governmentimports,strategicreserves,Punjabagriculture,Sindhagriculture,yieldperacre,marketstabilization,agriculturalcrisis,Pakistaneconomy,foodprices,,,,,,,,,,,Instagram
"https://youtube.com/shorts/i46xFx0FkTw?feature=share

ஜெயங்கொண்டம்: ஒழுங்குமுறை விற்பனை கூட அதிகாரிகள் பணிபுறக்கணிப்பு!

அரியலூர் மாவட்டம் ஜெயங்கொண்டம் ஒழுங்குமுறை விற்பனை கூடத்தில் அதிகாரிகள் பணிகளைப் புறக்கணித்ததால், எள் மற்றும் கடலை மூட்டைகள் கொள்முதல் செய்யப்படாமல் தேக்கமடைந்தன. இதனால் ஆத்திரமடைந்த 200-க்கும் மேற்பட்ட விவசாயிகள் திருச்சி - சிதம்பரம் தேசிய நெடுஞ்சாலையில் சாலை மறியலில் ஈடுபட்டனர். அதிகாரிகள் பேச்சுவார்த்தை நடத்தியதை அடுத்து, ஒரு மணி நேரப் போராட்டத்திற்குப் பின் விவசாயிகள் கலைந்து சென்றனர்.

Subscribe: www.youtube.com/@Dnews-Tn
Follow us on : instagram.com/dnewstamil
Like us on : https://www.facebook.com/profile.php?...
Follow on Threads: https://www.threads.com/@dnewstamil?h...

#Ariyalur #Jayankondam #FarmersProtest #RegulatedMarket #AgriculturalCrisis #RoadBlockade #TamilNaduFarmers #BreakingNewsTamil #DNewsTamil #DailyUpdates #FarmerRights #ProcurementIssue #NationalHighway #TrichyChidambaramHighway #AgricultureNews #VoterAwareness #CitizenDuty #EveryVoteMatters #IndiaDecides",D News,dnewstamil,https://www.instagram.com/p/DXo7l-tkovJ/,0,,0,2026-04-27T15:07:07.000Z,,Ariyalur,Jayankondam,FarmersProtest,RegulatedMarket,AgriculturalCrisis,RoadBlockade,TamilNaduFarmers,BreakingNewsTamil,DNewsTamil,DailyUpdates,FarmerRights,ProcurementIssue,NationalHighway,TrichyChidambaramHighway,AgricultureNews,VoterAwareness,CitizenDuty,EveryVoteMatters,IndiaDecides,,,,,,,,,,,,,Instagram
"As Assam's farmers lose their indigenous seeds like joha rice, it’s not just an agricultural change, but a loss of culture, resilience, and identity. Efforts are being made to revive traditional practices, but the road ahead requires policy changes and farmer support. #IndigenousSeeds #AgriculturalCrisis #AssamFarming #SustainableAgriculture",Beyond the Lens by Naira Verma,beyondthelensnv,https://www.instagram.com/p/DXoTGT1jW5y/,1,,14,2026-04-27T09:13:16.000Z,,IndigenousSeeds,AgriculturalCrisis,AssamFarming,SustainableAgriculture,,,,,,,,,,,,,,,,,,,,,,,,,,,,Instagram
"పుంగనూరు: అగ్నిప్రమాదంలో 200 మామిడి చెట్లు దగ్ధంపుంగనూరు నియోజకవర్గం, పులిచెర్ల మండలం, ఎల్లంకివారిపల్లి పంచాయతీ దిగుమూర్తివారిపల్లెలో శనివారం అగ్నిప్రమాదం జరిగింది. గుర్తు తెలియని వ్యక్తులు నిప్పు పెట్టడంతో సుమారు 200 మామిడి చెట్లు అగ్నికి ఆహుతి అయ్యాయని బాధితులు బాలకృష్ణ. పాపిరెడ్డి, మురళీ, రాజేంద్ర ఆదివారం తెలిపారు. పంట చేతికి వచ్చే సమయంలో ఈ ప్రమాదం జరగడంతో తాము తీవ్రంగా నష్టపోయామని వారు వాపోయారు# కొత్తూరు మురళి. #AgriculturalCrisis #Bharataawaz #FarmerLoss #FireAccident #MangoGarden Bharat Aawaz - The Voice Of India! News, Updates, Politics and More! #AndhraPradesh #AgriculturalCrisis #Bharataawaz #FarmerLoss #FireAccident #MangoGarden",Bharat Aawaz,bharataawaz,https://www.instagram.com/p/DXl_jEClJAu/,1,,0,2026-04-26T11:44:04.000Z,,AgriculturalCrisis,Bharataawaz,FarmerLoss,FireAccident,MangoGarden,AndhraPradesh,,,,,,,,,,,,,,,,,,,,,,,,,,Instagram
"THE STRAIT IS CLOSED. THE CLOCK IS RUNNING.

Right now, roughly one-third of the world's fertilizer trade moves through the Strait of Hormuz. As of today, vessel traffic is at record lows — just 3 ships/day successfully navigating.
The UN has responded with a high-stakes mission: create a Joint Coordination Center (JCC) in Salalah, Oman — modelled on the Black Sea Grain Initiative — to carve out a humanitarian corridor specifically for fertilizer raw materials (urea, sulphur, ammonia). No oil. No gas. Just food supply.

UNOPS Executive Director Jorge Moreira da Silva says the infrastructure could be operational in 7 days — if the US, Israel, and Iran all agree.
That's the if that keeps everyone up at night.
🌍 The Southern Hemisphere planting window closes end of May. Miss it → miss the harvest → hunger gap in 6–12 months. For Sudan, Somalia and other fragile states, that's not a statistic. That's a tipping point into famine.

The question on the table right now: should humanitarian goods be treated as neutral ""safe zones"" in modern naval warfare — regardless of who's fighting?

Drop your take below. 👇

#StraitOfHormuz #FoodSecurity #UNResponse #GlobalFoodCrisis #Fertilizer",BeingNavvyn,beingnavvyn,https://www.instagram.com/p/DXeXURnDNro/,1,,0,2026-04-23T12:37:43.000Z,,StraitOfHormuz,FoodSecurity,UNResponse,GlobalFoodCrisis,Fertilizer,,,,,,,,,,,,,,,,,,,,,,,,,,,Instagram
"❗🐓 Syria's Poultry Sector Faces 'Systematic Destruction' as Turkish Imports Surge Under Al-Sharaa Regime

DAMASCUS – April 22, 2026

Syria's vital poultry sector is grappling with a deepening structural crisis, a situation that experts warn extends beyond the impacts of war or global inflation to a ""systematic destruction"" aimed at fully replacing local production with imports. This critical issue, intertwining politics, economics, and the interests of shadowy actors, casts a long shadow over national food security.

Economist George Khazam has directly accused the al-Sharaa regime of implementing biased policies that serve powerful, influential groups. Syrian poultry farmers, he contends, find themselves caught between the ""hammer"" of exorbitant production costs and the ""anvil"" of deliberate market flooding by imported broiler chicken, predominantly from Turkey.

International trade data reveals Turkey as the primary source of Syria's poultry imports in 2024, valued at approximately $46.7 million. This figure underscores a significant influx of Turkish product into the Syrian market. Further, Reuters reported a staggering 60% surge in Turkish exports to Syria, reaching $3.5 billion last year, following Ahmed al-Sharaa's ascent to power in Damascus. This expansion of Turkish commercial influence lends significant economic weight to the accusations of market dumping voiced by local producers.

The de facto government in Syria, led by al-Sharaa, initially imposed restrictions on frozen chicken imports on August 15, 2025, purportedly to protect local farmers. However, this measure was short-lived, with the government allowing meat processors to import poultry again on September 23 of the same year. This reversal was reportedly a result of pressure from powerful entities with vested interests in the import sector.

👇👇👇👇",Syria With love,syri.awithlove,https://www.instagram.com/p/DXb9iwfiB8N/,2,,1,2026-04-22T14:14:02.000Z,,,,,,,,,,,,,,,,,,,,,,,,,,,,,,,,,Instagram
"നമ്മുടെ ഉമ്മറത്തെ വിരുന്നുകളിൽ വിളമ്പുന്ന ഓരോ വറ്റും ഒരു കർഷകന്റെ വിയർപ്പിന്റെയും പ്രാർത്ഥനയുടെയും ഫലമാണ്. എന്നാൽ അതേ കർഷകർ ജീവിതം പാതിവഴിയിൽ ഉപേക്ഷിക്കേണ്ടി വരുന്നു എന്നത് ഒരു നാടിനെ സംബന്ധിച്ചിടത്തോളം വലിയ വേദനയാണ്. കഴിഞ്ഞ 16 വർഷത്തിനിടെ 111 കർഷകർ കേരളത്തിൽ ആത്മഹത്യ ചെയ്തെന്ന വാർത്ത ഹൃദയഭേദകമാണ്. കടബാധ്യതയും വിളത്തകർച്ചയും ഒരു വശത്ത് വേട്ടയാടുമ്പോൾ, മറുഭാഗത്ത് പ്രകൃതിക്ഷോഭവും വന്യജീവി ആക്രമണവും അവരുടെ അധ്വാനത്തെ നിമിഷനേരം കൊണ്ട് ഇല്ലാതാക്കുന്നു.
വിള ഇൻഷുറൻസും പ്രകൃതിക്ഷോഭ സഹായവും വർഷങ്ങളായി മുടങ്ങിക്കിടക്കുന്നത് കർഷകന്റെ പ്രതീക്ഷകളെ തല്ലിക്കെടുത്തുകയാണ്. വിപണിയിലെ വിലത്തകർച്ചയും ഉൽപ്പന്നങ്ങൾ വിറ്റഴിക്കാനുള്ള പ്രയാസങ്ങളും അവരെ കൂടുതൽ നിരാശയിലേക്ക് തള്ളിവിടുന്നു. 2019-ന് ശേഷം ആത്മഹത്യാ നിരക്ക് വീണ്ടും വർദ്ധിക്കുന്നത് നമുക്ക് നൽകുന്ന മുന്നറിയിപ്പ് ചെറുതല്ല. സാമ്പത്തിക ആനുകൂല്യങ്ങൾ അടിയന്തരമായി നൽകുന്നതിനൊപ്പം തന്നെ പ്രതിസന്ധികളിൽ തളരുന്നവർക്ക് കൃത്യമായ മാനസികാരോഗ്യ പിന്തുണയും സർക്കാർ ഉറപ്പാക്കേണ്ടതുണ്ട്. അവർ തോറ്റാൽ തോൽക്കുന്നത് നമ്മുടെ നാടിന്റെ പച്ചപ്പാണ്. 
#FarmersIssues #KeralaAgriculture #SaveFarmers #JusticeForFarmers #AgriculturalCrisis FarmersSuicide KeralaNews MentalHealthSupport SaveTheProvider AgrarianCrisis aswanthbhaskar",Aswanth Bhaskar,aswanth_bhaskar_,https://www.instagram.com/p/DXKIbi1jIVi/,0,,0,2026-04-15T16:02:53.000Z,,FarmersIssues,KeralaAgriculture,SaveFarmers,JusticeForFarmers,AgriculturalCrisis,,,,,,,,,,,,,,,,,,,,,,,,,,,Instagram
"https://youtube.com/shorts/85YiacpUVfs?feature=share

விவசாயிகளுக்கு இழப்பீடு வழங்காமல் ஏமாற்றும் திமுக அரசு: காவிரி விவசாயிகள் சங்கம் கண்டனம்!

நாகை எண்ணெய் சுத்திகரிப்பு ஆலை வேறு மாநிலத்திற்கு மாற்றப்பட்டதற்கு திமுக அரசே காரணம் என பி.ஆர். பாண்டியன் சாடினார். விவசாயிகளுக்கு உரிய இழப்பீடு வழங்கப்படவில்லை என்றும், காவிரி விவகாரத்தில் அரசு தோல்வியடைந்துள்ளதாகவும் குற்றம்சாட்டிய அவர், வரும் தேர்தலில் திமுகவிற்கு எதிராக வாக்களிக்க விவசாயிகளிடம் கோரிக்கை விடுத்தார்.

Subscribe: www.youtube.com/@Dnews-Tn
Follow us on : instagram.com/dnewstamil
Like us on : https://www.facebook.com/profile.php?...
Follow on Threads: https://www.threads.com/@dnewstamil?h...

#Nagapattinam #BRPandian #FarmersUnion #CauveryFarmers #DMKGovernment #OilRefineryShift #AgricultureNews #FarmerCompensation #TamilNaduPolitics #NagaiNews #BreakingNewsTamil #DNewsTamil #CauveryIssue #MekedatuDam #FarmerRights #Election2026 #TNElection #VoterAwareness #AgriculturalCrisis #LandConsolidationAct #CropInsurance #FertilizerIssue #StalinGovernment #FarmersProtest #DeltaFarmers #CauveryDelta #ProtectAgriculture #NagaiDevelopment #IndustrialGrowth #PolicyFailure",D News,dnewstamil,https://www.instagram.com/p/DXJiDTHEmcA/,0,,1,2026-04-15T10:27:28.000Z,,Nagapattinam,BRPandian,FarmersUnion,CauveryFarmers,DMKGovernment,OilRefineryShift,AgricultureNews,FarmerCompensation,TamilNaduPolitics,NagaiNews,BreakingNewsTamil,DNewsTamil,CauveryIssue,MekedatuDam,FarmerRights,Election2026,TNElection,VoterAwareness,AgriculturalCrisis,LandConsolidationAct,CropInsurance,FertilizerIssue,StalinGovernment,FarmersProtest,DeltaFarmers,CauveryDelta,ProtectAgriculture,NagaiDevelopment,IndustrialGrowth,PolicyFailure,,Instagram
"एक ऐसा फोटो बना दो एक बहुत बड़ा गेहूं का खेत है गेहूं सभी कटे हुए हैं और पूरी बंधी हुई हैं और कुछ कटे हुए हैं गेहूं कुछ खुले हुए पड़े हुए हैं गेहूं बारिश की वजह से और ओले की वजह से ऐसा महसूस हो रहा है कि सब बर्बाद हो गईफसलतो फोटो को स्क्वायर शादी में बनाना है हल्का हल्का बारिश का पानी दिखाना हैऔर ओले बहुत ज्यादा दिखने हैं जो मैं आपके लिए फोटो दूंगा वह बहुत इंसान रो रहा है ​#PrayForFarmers
​#FarmerLife
​#AgriculturalCrisis
​#SaveTheFarmer",Vivek Singhpuriya,vivek_singhpuriya,https://www.instagram.com/p/DWvkNqTmkMp/,0,,5,2026-04-05T08:26:07.000Z,,PrayForFarmers,FarmerLife,AgriculturalCrisis,SaveTheFarmer,,,,,,,,,,,,,,,,,,,,,,,,,,,,Instagram
"Washim District Emerges as a Hub for Farmer Suicides: 23 Farmers Take Their Lives in 3 Months.

In the past three months, a staggering 23 farmers in Washim district have taken their lives. Factors such as crop failure, unseasonal rainfall, rising production costs, mounting debts, and inadequate prices for agricultural produce have left farmers desperate, pushing some to take extreme measures.

While the issue of farmer suicides in the district continues to worsen, only one of the 23 cases has been deemed eligible for government assistance. The families of the remaining victims are still caught up in investigations, waiting for much-needed aid

[Washim district, farmer suicides, agricultural crisis, crop failure, unseasonal rainfall, rising production costs, mounting debts, low crop prices, government aid, farmer distress, rural India]

#Washim #FarmerSuicides #AgriculturalCrisis #CropFailure #UnseasonalRainfall #RisingCosts #DebtBurden #LowCropPrices #FarmerDistress #GovernmentAid #RuralIndia #FarmingChallenges #AgriculturalEconomy #news #dailyupdates #lokshahienglish #lokshahinews

P-VK",Lokshahi English,lokshahi_english,https://www.instagram.com/p/DWvFEwmCoeI/,0,,0,2026-04-05T03:54:03.000Z,,Washim,FarmerSuicides,AgriculturalCrisis,CropFailure,UnseasonalRainfall,RisingCosts,DebtBurden,LowCropPrices,FarmerDistress,GovernmentAid,RuralIndia,FarmingChallenges,AgriculturalEconomy,news,dailyupdates,lokshahienglish,lokshahinews,,,,,,,,,,,,,,,Instagram
"Dangerous droughts triggered by heatwaves now cover 16.7% of Earth's land, creating sudden food production crises that devastate agricultural systems 🌡️

When compound climate extremes accelerate at eight times the historical rate and create ""flash droughts"" that destroy crops without warning, British families need reliable food security with ReadyWise's up to 25 year shelf life protection.

🛒 Visit our link in bio to protect against climate-driven food crises with ReadyWise emergency food!

🔔 Follow us for more climate extreme and agricultural crisis preparedness guidance

#ClimateExtremes #FlashDroughts #Heatwaves #AgriculturalCrisis #CompoundExtremes #FoodProduction #EmergencyPreparedness #ClimateChange #UKPreparedness #ReadyWise",ReadyWise UK,readywiseuk,https://www.instagram.com/p/DWtRDSWjLWs/,1,,10,2026-04-04T11:00:11.000Z,,ClimateExtremes,FlashDroughts,Heatwaves,AgriculturalCrisis,CompoundExtremes,FoodProduction,EmergencyPreparedness,ClimateChange,UKPreparedness,ReadyWise,,,,,,,,,,,,,,,,,,,,,,Instagram
"सर्की राजवाहे की पटरी टूटने से सैकड़ों बीघा फसल हुई जल मग्न मंगलौर के लिब्बरहेड़ी हरचंदपुर के बीच टूटी सर्की राजवाहे की पटरी किसानों को हुआ लाखों रुपए का नुकसान 

अन्न दाता की गेहूं और गन्ने की फसल हुई तबाह संबंधित अधिकारी लापरवाह, किसान बेबस अन्नदाता की नुकसान का संज्ञान लेने को कोई भी संबंधित अधिकारी नहीं तैयार फसल के नुकसान को लेकर, किसानों की मुआवजे की मांग संबंधित विभाग की लापरवाही से किसान हर वर्ष झेलते है आर्थिक हानि? 

लाचार, बेबस अन्नदाता की कोई सुनने को तैयार नहीं मुखमरी के कगार पर अन्नदाता

#SarkiRajwaha #FarmersLoss #AgriculturalCrisis #DehradunFarming #FarmersNeedHelp #CropDamage #MangoarNews #FarmerCompensation #AgriculturalLoss #GovernmentNegligence",India Voice Uttarakhand,ivuttarakhand,https://www.instagram.com/p/DWn57u-jNO1/,0,,0,2026-04-02T09:01:59.000Z,,SarkiRajwaha,FarmersLoss,AgriculturalCrisis,DehradunFarming,FarmersNeedHelp,CropDamage,MangoarNews,FarmerCompensation,AgriculturalLoss,GovernmentNegligence,,,,,,,,,,,,,,,,,,,,,,Instagram
"❗Environmental Catastrophe Looms in Hasakah as Oil Theft Spikes Amid Sharaa Regime’s Security Failure

HASAKAH, SYRIA — March 31, 2026 

Rural areas across the Hasakah Governorate have witnessed a sharp increase in the targeting and looting of oil pipelines recently. The surge in criminal activity highlights the growing incapacity of the ""Ahmed al-Sharaa"" administration’s security forces to protect the extensive network of pipelines stretching across the region.

🔖 Ongoing Breaches and Primitive Refining

According to local sources in Hasakah cited by ""RT"", the tampering with oil infrastructure has become a near-daily occurrence. The most recent incident involved a major breach of the pipeline running between the villages of ""Umm al-Jafar"" and ""Al-Abtakh"" in the Tal Hamis countryside. Thieves reportedly punctured the line to extract crude oil for processing in primitive local refineries. This clandestine activity has led to massive oil leaks, with crude spilling uncontrollably into surrounding agricultural lands.

🔖 Ecological and Agricultural Alarm

The fallout from these breaches extends far beyond the loss of resources. Yahya al-Khalid, an agricultural engineer from the city of Al-Shaddadi, warned that the contamination is no longer limited to the soil. ""Oil spills have reached several freshwater streams that are vital for irrigation in this region,"" Al-Khalid stated. 

He warned of an imminent environmental disaster that threatens both current and future harvesting seasons. ""There is a grave fear that the soil will lose its fertility permanently,"" he added, noting that despite loud pleas from residents and specialists, there has been no swift government response to neutralize the pollution or mitigate its long-term effects.

🔖 Security Monopoly vs. Social Stability

Since seizing control of vast territories in northeastern Syria previously held by the Syrian Democratic Forces (SDF), the ""Al-Sharaa"" regime has attempted to crack down on oil theft. While they have successfully shuttered many illegal primitive refineries in Deir ez-Zor and Hasakah, the social consequences have been severe. 

👇👇👇👇",Syria With love,syri.awithlove,https://www.instagram.com/p/DWiZD2eCK5d/,1,,0,2026-03-31T05:38:31.000Z,,,,,,,,,,,,,,,,,,,,,,,,,,,,,,,,,Instagram
"सरकार ने गेहूं की सरकारी खरीद (MSP) की तारीख 1 अप्रैल तय की है। लेकिन किसान क्रेडिट कार्ड (KCC) जमा करने की अंतिम तिथि 28 मार्च है।
जब किसान की फसल बिकी ही नहीं, तो वह पैसा आसमान से लाएगा? यह जानते हुए भी कि किसान के पास नकद (Cash) नहीं है, उससे वसूली करना उसे जानबूझकर डिफ़ॉल्टर बनाने की साजिश है।
​क्या कभी किसी फैक्ट्री मालिक को प्रशासन ने ये कहा कि— ""अभी तुम्हारी मशीनें चलना शुरू हुई हैं, माल बिका नहीं है तो क्या हुआ, पहले बैंक का कर्ज चुकता करो वरना जेल जाओगे""?
बड़े उद्योगपतियों के लिए 'मोरटोरियम' और 'हेयरकट' जैसे शब्द हैं, लेकिन किसान के लिए सिर्फ 'कुर्की' और 'अपमान'?
यह केवल प्रशासनिक गलती नहीं है, यह 'पॉलिसी पैरालिसिस' है। जब आपको पता है कि फसल अप्रैल में बिकेगी, तो KCC की तारीख मार्च में रखना सीधे तौर पर किसान को लूटने की अनुमति देना है।

 #SironjProtest #AgriculturalCrisis #KisanEkta #PolicyFailure #StopLootingFarmers",Narender Verma,narender2_143,https://www.instagram.com/p/DWbIjX7CTqF/,0,,1,2026-03-28T09:59:36.000Z,,SironjProtest,AgriculturalCrisis,KisanEkta,PolicyFailure,StopLootingFarmers,,,,,,,,,,,,,,,,,,,,,,,,,,,Instagram
"Fertilizer shortage threatens Yala paddy cultivation: Farmers’ Union warns

A looming fertilizer shortage in Sri Lanka threatens paddy cultivation for the Yala season, with only about 60,000 of the required 130,000 metric tons available, raising concerns over lower harvests, rising costs, and possible supply disruptions due to global and regional factors.

#FertilizerShortage #NationalFarmers’Union #AgriculturalCrisis

https://lankatalks.com/post/fertilizer-shortage-threatens-yala-paddy-cultivation-farmers--union-warns",LankaTalks,lankatalks,https://www.instagram.com/p/DWV2ICAFuAY/,0,,0,2026-03-26T08:42:26.000Z,,FertilizerShortage,NationalFarmers’Union,AgriculturalCrisis,,,,,,,,,,,,,,,,,,,,,,,,,,,,,Instagram
"जब व्यवस्था इंसानी जानों से ज्यादा 'बैलेंस शीट' और 'क्रेडिट कार्ड के टारगेट' को अहमियत देने लगे, तो समझ जाइये कि वह समाज पतन की ओर है। अन्नदाता को 'लोन' के जाल में फंसाकर 'सशक्त' करने का दावा करना भद्दा मजाक है।
​हमें 'सस्ती उधारी' नहीं, 'फसल की सही कीमत' और 'जीने का अधिकार' चाहिए। उन दो भाइयों की मौत का जिम्मेदार केवल कर्ज नहीं, बल्कि वह असंवेदनशील नीतियां भी हैं जो उन्हें इस हाल तक ले गईं।
​#KisanVirodhiSarkar #FarmerProtest #SystemFailure #JusticeForFarmers #AgriculturalCrisis",Ajaypal Sing Rajpoot,ajayrajpoot.ar5,https://www.instagram.com/p/DWRqNgCji6P/,0,,0,2026-03-24T17:41:18.000Z,,KisanVirodhiSarkar,FarmerProtest,SystemFailure,JusticeForFarmers,AgriculturalCrisis,,,,,,,,,,,,,,,,,,,,,,,,,,,Instagram
"जब व्यवस्था इंसानी जानों से ज्यादा 'बैलेंस शीट' और 'क्रेडिट कार्ड के टारगेट' को अहमियत देने लगे, तो समझ जाइये कि वह समाज पतन की ओर है। अन्नदाता को 'लोन' के जाल में फंसाकर 'सशक्त' करने का दावा करना भद्दा मजाक है।
​हमें 'सस्ती उधारी' नहीं, 'फसल की सही कीमत' और 'जीने का अधिकार' चाहिए। उन दो भाइयों की मौत का जिम्मेदार केवल कर्ज नहीं, बल्कि वह असंवेदनशील नीतियां भी हैं जो उन्हें इस हाल तक ले गईं।
​#KisanVirodhiSarkar #FarmerProtest #SystemFailure #JusticeForFarmers #AgriculturalCrisis",Ankit Gupta,ankgupta4637,https://www.instagram.com/p/DWRVMg6Eul_/,0,,0,2026-03-24T14:37:40.000Z,,KisanVirodhiSarkar,FarmerProtest,SystemFailure,JusticeForFarmers,AgriculturalCrisis,,,,,,,,,,,,,,,,,,,,,,,,,,,Instagram
"Sangli : सांगलीत अवकाळी पावसाचा फटका; द्राक्षासह 1865 हेक्टर क्षेत्रावरील पिके भुईसपाट

महाराष्ट्रात उन्हाचा तडाका वाढला आहे. उकाड्याने नागरिक हैराण झाले आहेत. तापमानात मोठी वाढ झालेली पाहायला मिळत असून दुपारी बाहेर पडल्यावर उन्हाचे चटके बसत आहेत. मागील काही दिवसांत तापमानात लक्षणीय वाढ झाली असून दुपारच्या वेळी ऊन अधिक तीव्र जाणवत आहे. अनेक ठिकाणी हलक्या सरी बरसणार असल्याची शक्यता वर्तवण्यात येत आहे. यातच महाराष्ट्रातील काही भागांना पावसाचा अलर्ट देण्यात आल्याची माहिती मिळत आहे.

[Sangli unseasonal rain, grape crop damage Sangli, 1865 hectares affected, farmers loss Maharashtra, agricultural crisis, crop destruction news, Maharashtra weather update, extreme rainfall impact]

#Sangli #UnseasonalRain #GrapeCropDamage #FarmersLoss #CropDestruction #AgriculturalCrisis #MaharashtraWeather #ExtremeRainfall #FarmingNews

P-SM",Lokshahi Marathi,lokshahimarathi,https://www.instagram.com/p/DWItLuACpaO/,0,,43,2026-03-21T06:14:06.000Z,,Sangli,UnseasonalRain,GrapeCropDamage,FarmersLoss,CropDestruction,AgriculturalCrisis,MaharashtraWeather,ExtremeRainfall,FarmingNews,,,,,,,,,,,,,,,,,,,,,,,Instagram
"राज्यात झालेल्या अवकाळी पावसामुळे शेतकऱ्यांचे मोठे नुकसान झाले असून, या पार्श्वभूमीवर रोहित पवार यांनी सोशल मीडियाद्वारे सरकारला तातडीने मदत देण्याची विनंती केली आहे. बाधित शेतकऱ्यांना दिलासा देण्यासाठी त्वरित उपाययोजना करण्याची गरज त्यांनी अधोरेखित केली आहे.
.
.
#RohitPawar #UnseasonalRain  #CropDamage  #FarmersAppeal #MaharashtraPolitics  #GovernmentRelief  #AgriculturalCrisis #MaharashtraWeather",Maharashtra Samvad,maharashtrasamvad,https://www.instagram.com/p/DWGJ07qjoTC/,0,,0,2026-03-20T06:26:41.000Z,,RohitPawar,UnseasonalRain,CropDamage,FarmersAppeal,MaharashtraPolitics,GovernmentRelief,AgriculturalCrisis,MaharashtraWeather,,,,,,,,,,,,,,,,,,,,,,,,Instagram
"Rohit Pawar: अवकाळी पावसामुळे झालेल्या नुकसानाबाबत रोहित पवार यांनी ट्वीट करत सरकारला विनंती केली

[Rohit Pawar tweet, unseasonal rain damage, farmers appeal Maharashtra, government relief request, crop loss Maharashtra, agricultural crisis, Rohit Pawar statement]

#RohitPawar #UnseasonalRain #CropDamage #FarmersAppeal #MaharashtraPolitics #GovernmentRelief #AgriculturalCrisis #MaharashtraWeather

P_SM",Lokshahi Marathi,lokshahimarathi,https://www.instagram.com/p/DWF-o7wE0YE/,0,,52,2026-03-20T04:48:55.000Z,,RohitPawar,UnseasonalRain,CropDamage,FarmersAppeal,MaharashtraPolitics,GovernmentRelief,AgriculturalCrisis,MaharashtraWeather,,,,,,,,,,,,,,,,,,,,,,,,Instagram
#FarmersInCrisis #AgriExportStop #MarketCrash #SaveFarmers #WatermelonPriceDrop #AgricultureNews #MaharashtraFarmers #WestAsiaWarImpact #ExportBanEffect #FarmerLoss #AgriculturalCrisis #KalingadPrice #JusticeForFarmers #GovtMustAct #AgriEconomy,Mandal News,mandalnewsindia,https://www.instagram.com/p/DV23mdhCXth/,1,,92,2026-03-14T07:58:49.000Z,,FarmersInCrisis,AgriExportStop,MarketCrash,SaveFarmers,WatermelonPriceDrop,AgricultureNews,MaharashtraFarmers,WestAsiaWarImpact,ExportBanEffect,FarmerLoss,AgriculturalCrisis,KalingadPrice,JusticeForFarmers,GovtMustAct,AgriEconomy,,,,,,,,,,,,,,,,,Instagram
"कल्याण : अमेरिका-इस्रायल-इराण युध्दाच्या तणावाचे पडसाद आता थेट शेतकऱ्यांवर उमटताना दिसत आहेत.

संपूर्ण बातमी पाहण्यासाठी BIO मध्ये दिलेल्या लिंकवर क्लिक करा

#KalyanMarket #FarmersInCrisis #AgriculturalCrisis #GlobalWarImpact #VegetablePriceDrop #KalyanAPMC #ExportIssues #SaveOurFarmers #EconomyUpdate #MarketCrash",Aaple Nave Shahar,naveshahar,https://www.instagram.com/p/DVv2bHIDGrp/,0,,3,2026-03-11T14:33:50.000Z,,KalyanMarket,FarmersInCrisis,AgriculturalCrisis,GlobalWarImpact,VegetablePriceDrop,KalyanAPMC,ExportIssues,SaveOurFarmers,EconomyUpdate,MarketCrash,,,,,,,,,,,,,,,,,,,,,,Instagram
"సిండికేట్ వ్యాపారుల దోపిడీ రైతన్నల కంటతడి

#andhraprabha #LatestNews #Andhrapradesh #Telangana #RedGram #FarmersDistress #FarmerExploitation #AgriculturalCrisis #MiddlemenSyndicate #PulsesMarket #TurDalPrices #ArharFarmers #KandiPappu #IndianFarmers #MSPFailure #FarmerProtest #AgricultureIndia #RuralDistress #MarketExploitation #AndhraPrabha #TeluguNews #FarmersRights #PulseCrop #RedGramMarket",Andhra Prabha Official,andhraprabhaofficial,https://www.instagram.com/p/DVm7l2tEYXx/,0,,4,2026-03-08T03:25:50.000Z,,andhraprabha,LatestNews,Andhrapradesh,Telangana,RedGram,FarmersDistress,FarmerExploitation,AgriculturalCrisis,MiddlemenSyndicate,PulsesMarket,TurDalPrices,ArharFarmers,KandiPappu,IndianFarmers,MSPFailure,FarmerProtest,AgricultureIndia,RuralDistress,MarketExploitation,AndhraPrabha,TeluguNews,FarmersRights,PulseCrop,RedGramMarket,,,,,,,,Instagram
"ایران صادرات تمام محصولات غذایی و زراعتی را تا اطلاع بعدی ممنوع کرده است.

در متن منتشرشده از سوی خبرگزاری ایسنا آمده است که این تصمیم با اجرای مصوبه دولت و با اولویت تامین کالاهای اساسی، حساس و ضروری مورد نیاز مردم، به دلیل شرایط کنونی ایران اتخاذ شده و تا اطلاع بعدی ادامه خواهد داشت.

این تصمیم در حالی اعلام شده که ایران در کنار پاکستان یکی از بزرگ‌ترین منابع واردات افغانستان بوده است.

رفت‌وآمد در گذرگاه تورخم با پاکستان نیز از ماه میزان متوقف شده و صادرات از ایران همچنین ادامه داشت.
#ABN  #IranFoodExport #AgriculturalBan #FoodExportBan #IranEconomy #IranAgriculture #EconomicMeasures #IranTradePolicy #AgriculturalCrisis #IranNews #ExportRestrictions",ABN Dari,afbndari,https://www.instagram.com/p/DVbWgUCDwAd/,0,,0,2026-03-03T15:30:07.000Z,,ABN,IranFoodExport,AgriculturalBan,FoodExportBan,IranEconomy,IranAgriculture,EconomicMeasures,IranTradePolicy,AgriculturalCrisis,IranNews,ExportRestrictions,,,,,,,,,,,,,,,,,,,,,Instagram
"https://youtube.com/shorts/Mhuifqrzfy4?feature=share

விவசாயிகளுக்குத் துரோகம்: மார்ச் 3-ல் சென்னையில் பி.ஆர். பாண்டியன் உண்ணாவிரதம்!

திருவாரூரில் நடைபெற்ற விவசாயிகள் கூட்டத்தில், நில ஒருங்கிணைப்புச் சட்டத்தைத் திரும்பப் பெற வலியுறுத்தி பி.ஆர். பாண்டியன் பேசினார். திமுக அரசு தேர்தல் வாக்குறுதிகளை நிறைவேற்றவில்லை என்றும், நெல் மற்றும் கரும்புக்கு உரிய விலை வழங்கவில்லை என்றும் அவர் குற்றம்சாட்டினார். இக்கோரிக்கைகளை வலியுறுத்தி மார்ச் 3-ம் தேதி சென்னையில் உண்ணாவிரதப் போராட்டம் நடத்தப்போவதாக அவர் அறிவித்துள்ளார்.

Subscribe: www.youtube.com/@Dnews-Tn
Follow us on : instagram.com/dnewstamil
Like us on : https://www.facebook.com/profile.php?...
Follow on Threads: https://www.threads.com/@dnewstamil?h...

#PRPandian #FarmersProtest #TamilNaduGovernment #LandAct #AgricultureNews #Thiruvarur #ChennaiProtest #DMK #ElectionPromises #FarmersRights #AgriculturalCrisis #TamilNaduPolitics #BreakingNewsTamil #FarmerIssues #March3Protest",D News,dnewstamil,https://www.instagram.com/p/DVOEkF4EvZO/,0,,0,2026-02-26T11:43:13.000Z,,PRPandian,FarmersProtest,TamilNaduGovernment,LandAct,AgricultureNews,Thiruvarur,ChennaiProtest,DMK,ElectionPromises,FarmersRights,AgriculturalCrisis,TamilNaduPolitics,BreakingNewsTamil,FarmerIssues,March3Protest,,,,,,,,,,,,,,,,,Instagram
"రైతుబంధు ఇక లేనట్టేనా? క్యాబినెట్‌లో ప్రస్తావనే లేదు, వ్యవసాయ మంత్రి హాజరు కూడా కాలేదు.
డిసెంబర్ హామీ… ఫిబ్రవరి 4 తర్వాత ఇస్తామని సీఎం రేవంత్ రెడ్డి మాట… ఫిబ్రవరి 5లోపు వేస్తామన్న మంత్రి  హామీ ఏమైంది?
ఎన్నికలు పూర్తయ్యాయి, నాట్లు పూర్తయ్యాయి. కానీ రైతుబంధు మాత్రం కనిపించలేదు.
ఈ కాంగ్రెస్ ప్రభుత్వంలో రైతుకు దక్కింది వాగ్దానాలేనా…

#FarmersBetrayed #RythuBandhu #PromisesBroken #JusticeForFarmers #AgriculturalCrisis
@brsparty @ktrtrs",Muta Jaisimha,mutajaisimha,https://www.instagram.com/p/DVI-_oiEpbO/,0,,54,2026-02-24T12:18:23.000Z,,FarmersBetrayed,RythuBandhu,PromisesBroken,JusticeForFarmers,AgriculturalCrisis,,,,,,,,,,,,,,,,,,,,,,,,,,,Instagram
"Google is expanding its AI partnership with the Pentagon, moving beyond standard use cases into classified projects.

The deal allows AI deployment for “any lawful government purpose,” opening doors to military and intelligence applications. But with limited visibility on how this tech will ultimately be used, the bigger question is about control, ethics, and accountability.

As AI gets closer to national security, the line between innovation and oversight becomes more important than ever.

#google #ai #artificialintelligence #bigtech #technology #pentagon #defense #nationalsecurity #aiethics #technews #businessnews #innovation #futuretech #machinelearning #generativeai #globaltech #datapolicy #surveillance #militarytech #intelligence #techindustry #digitalfuture #economicimpact #goodreturns #worldnews",GoodReturns.in,goodreturns_in,https://www.instagram.com/p/DX6N1S-Ga-W/,0,,0,2026-05-04T08:13:36.000Z,,google,ai,artificialintelligence,bigtech,technology,pentagon,defense,nationalsecurity,aiethics,technews,businessnews,innovation,futuretech,machinelearning,generativeai,globaltech,datapolicy,surveillance,militarytech,intelligence,techindustry,digitalfuture,economicimpact,goodreturns,worldnews,,,,,,,Instagram
"The impact of the war on Gulf economies’ external positions is diverging sharply, with some states facing severe current account deterioration while others benefit from higher energy prices Capital Economics said in a note. - link in bio #GulfEconomies #TradeDisruption #EconomicImpact #CurrentAccount #EnergyPrices",bne IntelliNews,bneintellinews,https://www.instagram.com/p/DX6MkaUFt3Q/,0,,0,2026-05-04T08:03:37.000Z,,GulfEconomies,TradeDisruption,EconomicImpact,CurrentAccount,EnergyPrices,,,,,,,,,,,,,,,,,,,,,,,,,,,Instagram
"At 12:30 a.m., Yeneshia Thomas received an email that shattered her reality. Spirit Airlines shut down overnight, leaving 17,000 employees grappling with uncertainty. For many, it felt like a betrayal, a relationship ending without a word. As travelers scramble for new flights, the void left by this budget airline is palpable. Share this with someone who needs to know the human cost of corporate decisions. #SpiritAirlines #TravelNews #CentralFlorida #AirlineShutdown #EmployeeStories #EconomicImpact

Photos by Cemrecan Yurtman & Edwin Petrus · Unsplash

Source: Business Insider

Powered by GrowYourSocialFootprint.com",Spanglish™️ Business 🇨🇦🇺🇸,comprayventapp,https://www.instagram.com/p/DX6HE1rCP6x/,0,,0,2026-05-04T07:14:38.000Z,,SpiritAirlines,TravelNews,CentralFlorida,AirlineShutdown,EmployeeStories,EconomicImpact,,,,,,,,,,,,,,,,,,,,,,,,,,Instagram
"𝗦𝗣𝗦 𝗶𝘀 𝗯𝗲𝗶𝗻𝗴 𝗳𝗿𝗮𝗺𝗲𝗱 𝗮𝘀 𝗮 𝘁𝗿𝗮𝗱𝗲 𝘀𝗼𝗹𝘂𝘁𝗶𝗼𝗻.

But for many Novel Foods businesses, there is no trade upside.

These are UK-focused markets. Not EU export driven.
What SPS introduces is duplication, cost, and burden with no clear return.

Policy only works when it fits the sector. This does not.

Read more:
https://www.linkedin.com/posts/spsdeal-medicinalcannabis-ukindustry-ugcPost-7454858111863062528-yWXs?utm_source=share&utm_medium=member_desktop&rcm=ACoAACej-VcByfSPehiiH_-22PadzqWmQKMWxcY

#SPS #EconomicImpact #UKMarkets #PolicyFailure #FoodIndustry #Innovation",Cannabis Trades Association,cannabis_trades,https://www.instagram.com/p/DX6FR2cjb6l/,0,,0,2026-05-04T06:58:54.000Z,,SPS,EconomicImpact,UKMarkets,PolicyFailure,FoodIndustry,Innovation,,,,,,,,,,,,,,,,,,,,,,,,,,Instagram
"Fuel prices are surging again in May 2026  and the impact is being felt worldwide. From rising transport costs to inflation and supply shortages, this spike is hitting economies and everyday life harder than ever.

What’s driving the increase and how could it affect you? Get the full breakdown 👇
https://toptendose.com/fuel-rates-surge-may-2026-global-impact-fuel-prices-and-shortages/
.
.
.
.

#FuelPrices #OilCrisis #GlobalEconomy #Inflation #EnergyCrisis #WorldNews #MarketTrends #EconomicImpact #TopTenDose",Top Ten Dose,toptendose,https://www.instagram.com/p/DX5-Rg4igNO/,0,,0,2026-05-04T05:57:40.000Z,,FuelPrices,OilCrisis,GlobalEconomy,Inflation,EnergyCrisis,WorldNews,MarketTrends,EconomicImpact,TopTenDose,,,,,,,,,,,,,,,,,,,,,,,Instagram
"𝐀𝐋𝐈𝐍𝐆𝐀𝐖𝐍𝐆𝐀𝐖 𝐍𝐆 𝐁𝐀𝐋𝐈𝐓𝐀 | 𝐌𝐀𝐘 𝟒, 𝟐𝟎𝟐𝟔

Tinanggihan ni Donald Trump ang pinakahuling peace proposal ng Iran na layong wakasan ang umiiral na tensyon at digmaan, dahil hindi umano siya nasisiyahan sa mga kondisyon nito.

Ayon sa mga ulat, isinumite ng Iran ang naturang plano sa pamamagitan ng Pakistan bilang tagapamagitan—ngunit agad itong tinanggihan ni Trump.

🗣️ “They want to make a deal, I’m not satisfied with it, so we’ll see what happens,” ani Trump.

Sa kabila nito, nananatiling umiiral ang tigil-putukan sa loob ng tatlong linggo, kahit patuloy ang palitan ng akusasyon ng paglabag mula sa magkabilang panig.

🌍 Lalong tumitindi ang tensyon sa Strait of Hormuz—isang mahalagang ruta ng pandaigdigang suplay ng langis at gas. Nagpatupad ang U.S. Navy ng blockade laban sa Iran, habang pinananatili rin ng Iran ang kontrol sa lugar, na may direktang epekto sa global economy.

Dagdag pa ni Trump, hati-hati umano ang pamunuan ng Iran:
🗣️ “It’s a very disjointed leadership… They all want to make a deal, but they’re all messed up.”

Ayon pa sa kanya, dalawa lamang ang opsyon ng U.S.:
💬 “Do we want to go and just blast the hell out of them… or do we want to try and make a deal?”

Samantala, patuloy ang diplomatic efforts ng Iran, sa pangunguna ni Abbas Araghchi, kabilang ang pakikipag-ugnayan sa mga internasyonal na opisyal gaya ni Kaja Kallas upang maibalik ang normal na operasyon sa Strait of Hormuz.

⚠️ Sa ngayon, nananatiling mataas ang tensyon at may pangamba na muling sumiklab ang mas malawak na labanan anumang oras.

#GlobalNews #BreakingNews #Trump #Iran #MiddleEastTensions #StraitOfHormuz #WorldNews #Geopolitics #Diplomacy #OilCrisis #EconomicImpact #PeaceTalks #InternationalRelations #NewsUpdate",Jlx-Radio Tarlac,91.1fm_jelexieradio,https://www.instagram.com/p/DX5zHQDCgyM/,0,,0,2026-05-04T04:20:09.000Z,,GlobalNews,BreakingNews,Trump,Iran,MiddleEastTensions,StraitOfHormuz,WorldNews,Geopolitics,Diplomacy,OilCrisis,EconomicImpact,PeaceTalks,InternationalRelations,NewsUpdate,,,,,,,,,,,,,,,,,,Instagram
"Traders and businessmen in Murree have announced a complete shutter-down strike, demanding exemption from the ongoing smart lockdown measures.
According to details, the Anjuman-e-Tajiran (Traders Association) has decided to shut all markets and business centers starting Monday morning, stating that Murree, being a major tourist destination, should not be subjected to such restrictions.
The association has made it clear that the strike will continue until the government accepts their demands. Adding to the pressure, the Transport Association has also extended full support to the protest.

#Murree #BreakingNews #ShutterDown #TradersProtest #PakistanNews #SmartLockdown #BusinessCommunity #Tourism #PublicProtest #EconomicImpact #toptrendingnews #trendingnews #dailynews #LatestNews #paknews #pakistantoday #pakistantoday24news #dailynewsupdates
Disclaimer:  Image is AI generated and just for reference. This content is based on available reports and is shared for informational purposes. Please verify details through official sources",Pakistan Today,pakistantoday24news,https://www.instagram.com/p/DX5w0dlj-FF/,0,,0,2026-05-04T04:00:04.000Z,,Murree,BreakingNews,ShutterDown,TradersProtest,PakistanNews,SmartLockdown,BusinessCommunity,Tourism,PublicProtest,EconomicImpact,toptrendingnews,trendingnews,dailynews,LatestNews,paknews,pakistantoday,pakistantoday24news,dailynewsupdates,,,,,,,,,,,,,,Instagram
"Iran Tightens Control Over Strategic Strait of Hormuz, Targeting Israeli-Linked Shipping and Imposing New Penalties on “Enemy Nations” as Regional Tensions Escalate, Raising Global Concerns Over Maritime Security, Trade Disruptions, and the Future Stability of One of the World’s Most Critical Oil Transit Routes and International Shipping Corridors

#HormuzStrait #IranNews #MiddleEastTensions #MaritimeSecurity #GlobalTrade #ShippingNews #Geopolitics #OilRoutes #InternationalWaters #TradeDisruption #WorldNews #NavalPolicy #EconomicImpact #BreakingNews #RegionalConflict #greentime",Green Time,greentime_media,https://www.instagram.com/p/DX5tdFMH86_/,0,,0,2026-05-04T03:30:41.000Z,,HormuzStrait,IranNews,MiddleEastTensions,MaritimeSecurity,GlobalTrade,ShippingNews,Geopolitics,OilRoutes,InternationalWaters,TradeDisruption,WorldNews,NavalPolicy,EconomicImpact,BreakingNews,RegionalConflict,greentime,,,,,,,,,,,,,,,,Instagram
"Travel powers the U.S. economy. In North Carolina, rail helps lead the way. @ustravel_association #NTTW25

Travel and tourism left a $2.9 trillion footprint on the U.S. economy last year. In North Carolina, that impact shows up in a big way — with rail generating $20+ billion annually and supporting 88,000 jobs statewide. 

Travel powers communities. Rail helps keep North Carolina moving. N⭐C🚆#economicimpact",NC By Train,nc_by_train,https://www.instagram.com/p/DX44ZVwjrUe/,1,,7,2026-05-03T19:47:07.000Z,,NTTW25,economicimpact,,,,,,,,,,,,,,,,,,,,,,,,,,,,,,Instagram
"Some things feel immutable, like they’ll always be there. Lammes Candies in Austin was one of them.

For 141 years, this place wasn't just selling pralines; it was selling memories, tradition, a taste of Austin's enduring character. Now, it's gone.

The reason? “Soaring costs.” But what does that really mean for our cities? Are we witnessing the slow, painful erosion of local identity, replaced by... what, exactly? This isn't just a culinary loss; it's a stark reminder of the economic pressures squeezing the life out of truly unique, generational businesses. It makes you wonder: what's next? And at what point do we decide the cost is too high?

Read the full story on why this closure hits harder than you think. Link in bio.

#TheManEdit
#ModernMan
#MensLifestyle
#GentlemanCode
#MenOfSubstance
#UrbanCulture
#LocalLegacy
#EconomicImpact
#PreservingHistory
#CityLife",The ManEdit,maneditcom,https://www.instagram.com/p/DX4uS81j21Z/,0,,0,2026-05-03T18:18:53.000Z,,TheManEdit,ModernMan,MensLifestyle,GentlemanCode,MenOfSubstance,UrbanCulture,LocalLegacy,EconomicImpact,PreservingHistory,CityLife,,,,,,,,,,,,,,,,,,,,,,Instagram
"34 വർഷത്തെ പാരമ്പര്യമുള്ള സ്പിരിറ്റ് എയർലൈൻസ് സർവീസ് അവസാനിപ്പിച്ചു! 17,000 ജീവനക്കാർക്ക് ജോലി നഷ്ടമായി; പശ്ചിമേഷ്യൻ യുദ്ധം മൂലമുണ്ടായ ഇന്ധന വിലവർധനയാണ് ബജറ്റ് എയർലൈനിന് അന്ത്യം കുറിച്ചത്; ട്രംപ് ഭരണകൂടവുമായുള്ള ചർച്ചകൾ പരാജയപ്പെട്ടു; കൂടുതൽ വായിക്കാം

#SpiritAirlines #AviationFuel #WarOnIran #TrumpAdministration #AviationNews #EconomicImpact #USNews #Kvartha #SpiritCollapse #TravelAlert #GlobalCrisis #Unemployment #AirlinesNews #BreakingNews

Keywords: Spirit Airlines shutting down 2026 updates, impact of Middle East war on aviation fuel report live, Trump administration bailout rejection Spirit Airlines highlights, 17000 jobs lost in US airline industry updates, Kvartha international news today report live.
ലിങ്ക് ആദ്യ കമന്റിൽ👇",kvartha world news,kvarthaworldnews,https://www.instagram.com/p/DX4kkhSFQhX/,1,,0,2026-05-03T16:53:48.000Z,,SpiritAirlines,AviationFuel,WarOnIran,TrumpAdministration,AviationNews,EconomicImpact,USNews,Kvartha,SpiritCollapse,TravelAlert,GlobalCrisis,Unemployment,AirlinesNews,BreakingNews,,,,,,,,,,,,,,,,,,Instagram
"It's National Travel & Tourism Week and the MSN team is celebrating. This year’s theme, “Postmarked: Essential,” highlights the role travel plays in keeping communities connected and economies moving.

At MSN Airport, that impact is seen every day. Travelers can reach destinations across the globe with just one stop, making it easier to stay connected to business opportunities, family, and new experiences.

That connectivity also drives real impact locally. MSN Airport supports 10,176 jobs and contributes $730.4 million in wages, reinforcing its role as a key economic engine for the region.

#MSNAirport #FlyLocal #NTTW26 #EconomicImpact",MSN Airport,msnairport,https://www.instagram.com/p/DX4XpMdDGxW/,0,,6,2026-05-03T15:00:50.000Z,,MSNAirport,FlyLocal,NTTW26,EconomicImpact,,,,,,,,,,,,,,,,,,,,,,,,,,,,Instagram
"Trump reshares post depicting 'Strait of Trump' amid US-Iran tensions

More information in comment.

#BreakingNews #WorldNews #Geopolitics #MiddleEastCrisis #StraitOfHormuz #GlobalOilSupply #EnergySecurity #OilMarkets #GlobalEconomy #EconomicImpact #OilTrade #DonaldTrump #USIranTensions #USForeignPolicy #InternationalRelations #IranNews #MaritimeSecurity #NavalTensions #PersianGulf #TradeRoutes #greentime",Green Time,greentime_media,https://www.instagram.com/p/DX4V5AmlWGr/,0,,0,2026-05-03T14:45:31.000Z,,BreakingNews,WorldNews,Geopolitics,MiddleEastCrisis,StraitOfHormuz,GlobalOilSupply,EnergySecurity,OilMarkets,GlobalEconomy,EconomicImpact,OilTrade,DonaldTrump,USIranTensions,USForeignPolicy,InternationalRelations,IranNews,MaritimeSecurity,NavalTensions,PersianGulf,TradeRoutes,greentime,,,,,,,,,,,Instagram
"Trishala Dutt has revealed she once considered entering Bollywood—not out of passion for acting, but to be closer to her father, Sanjay Dutt.

Trishala, 38, spoke openly about her early thoughts of joining the film industry.

During her appearance on the Inside Thoughts Out Loud Podcast, she said she had considered Bollywood when she was younger, but her motivation was deeply personal.

“I wasn’t thinking that I wanted to be an actor because acting is my passion,” she said.

“I just wanted to be closer to my dad,” she added, explaining that her interest in films stemmed from a desire to spend more time with him.
Sanjay Dutt’s advice on career choices

Trishala also highlighted the guidance she received from her father.

She praised Sanjay Dutt for encouraging her to pursue her true calling rather than stepping into Bollywood without passion.

Recalling their conversation, she shared that her father asked if acting was truly her calling.

When she admitted her reasons, he advised her to focus on what she genuinely loved, reminding her that being his daughter would not automatically guarantee success in the industry.

During the conversation, Trishala also touched on her mental health journey.

She has often been vocal about her struggles, and her latest remarks added another layer of honesty to her public persona.
.
.;
.
.
.
.
.
.
.
.
.
.
#IndiaNews #FuelPriceHike #LPGPrice #AviationNews #IndianEconomy #EnergyCrisis #InflationAlert #MiddleEastWar #SupplyChainDisruption #NewDelhiUpdates #BusinessNews #JetFuel #EconomicImpact #OilAndGas #GlobalEnergy #IndustryNews #MarketWatch #BreakingNews #CurrentAffairs #PriceRise #RestaurantIndustry #TradeNews #Geopolitics #FuelPrices #EngagementBoost",DTVNN,dtvnn_digital,https://www.instagram.com/p/DX4Q3lxiNK_/,0,,0,2026-05-03T14:01:40.000Z,,IndiaNews,FuelPriceHike,LPGPrice,AviationNews,IndianEconomy,EnergyCrisis,InflationAlert,MiddleEastWar,SupplyChainDisruption,NewDelhiUpdates,BusinessNews,JetFuel,EconomicImpact,OilAndGas,GlobalEnergy,IndustryNews,MarketWatch,BreakingNews,CurrentAffairs,PriceRise,RestaurantIndustry,TradeNews,Geopolitics,FuelPrices,EngagementBoost,,,,,,,Instagram
"🏞️ National Travel & Tourism Week 🏞️

Osage Beach may have just over 5,000 full-time residents, but each year we welcome an estimated 3 million visitors to our community!! 🌊🚤

And when peak season hits… you can FEEL it everywhere 🔥 The roads get busier, the lake is full of boats, restaurants are packed, shops are buzzing, and the whole community comes alive with energy. It's the kind of vibe that only a true destination can have 💃☀️

Tourism is a HUGE part of what keeps that energy going. It supports local businesses, creates jobs, and drives the revenue that helps maintain and improve city services and infrastructure. From waterfront dining and shopping to lodging, recreation, and attractions, visitors help keep Osage Beach thriving year after year 💼🏪🍽️

But beyond the numbers… it's the experience that makes it special ✨
It's the lake views, the sunsets, the crowds having a good time, the music in the background, and that ""there's always something happening"" feeling that makes people keep coming back 😎🌅

Osage Beach isn't just a place you visit… it's a place you EXPERIENCE 🙌

💬 What do YOU love most about the Lake?? 👇

#MyOsageBeach #OsageBeach #LakeOfTheOzarks #NTTW #TravelAndTourismWeek #VisitLOTO #EconomicImpact #CommunityGrowth #LakeLife #ExploreLOTO","City of Osage Beach, Missouri",cityofosagebeachmo,https://www.instagram.com/p/DX4J4J3Fl7d/,0,,5,2026-05-03T13:00:41.000Z,,MyOsageBeach,OsageBeach,LakeOfTheOzarks,NTTW,TravelAndTourismWeek,VisitLOTO,EconomicImpact,CommunityGrowth,LakeLife,ExploreLOTO,,,,,,,,,,,,,,,,,,,,,,Instagram
#Trump #Tehran #PeaceProposal #IranUSConflict #GlobalOilMarket #VolatileMarkets #MiddleEastTensions #USIranRelations #OilPrices #GeopoliticalNews #InternationalRelations #Diplomacy #EnergyCrisis #EconomicImpact #PoliticalNews #ConflictResolution #IranNuclearDeal #ForeignPolicy #OilMarketTrends #WorldNews #BreakingNews #TradeWars #TensionsRising #GlobalEconomy #NewsAnalysis,ZEE Kannada News,zeekannadanews,https://www.instagram.com/p/DX3ulY2gsvm/,0,,42,2026-05-03T09:02:03.000Z,,Trump,Tehran,PeaceProposal,IranUSConflict,GlobalOilMarket,VolatileMarkets,MiddleEastTensions,USIranRelations,OilPrices,GeopoliticalNews,InternationalRelations,Diplomacy,EnergyCrisis,EconomicImpact,PoliticalNews,ConflictResolution,IranNuclearDeal,ForeignPolicy,OilMarketTrends,WorldNews,BreakingNews,TradeWars,TensionsRising,GlobalEconomy,NewsAnalysis,,,,,,,Instagram
"🌍 GLOBAL UPDATE: INDIA SCORES A CULTURAL WIN

The US returns 657 stolen antiquities worth $14 million to India 🇮🇳
A move that goes beyond headlines — it strengthens heritage, diplomacy, and global positioning

---

📊 Why This Matters:

🏛️ Cultural Restoration → Priceless assets return home
🤝 Diplomatic Boost → India–US ties deepen
🌍 Global Precedent → Strong message against art trafficking
📈 Soft Power Growth → India’s global influence rises

---

💼 Market Perspective:

✈️ Tourism & Hospitality → Positive sentiment boost
🖼️ Art & Luxury Market → Value of authentic artifacts rises
⚖️ Legal & Consulting → Increased focus on repatriation laws
🌐 Indo-US Relations → Trade & investment outlook strengthens

---

🧠 Smart Insight:

Not all market-moving events are financial…
Some build long-term economic strength indirectly

---

📈 Investor Lens:

Soft power → Tourism → Spending → Growth
This is a multi-layer economic chain

---

⚖️ Bottom Line:

Cultural wins today can translate into
economic and strategic advantages tomorrow

---

💬 Your take:
Does cultural diplomacy influence long-term markets?

---

📊 Follow @traders_station__ for sharp insights
#GlobalNews #IndiaUS #EconomicImpact #StockMarketIndia #Geopolitics InvestSmart MarketInsights",Trade With Lissa,trade_with_lissa_,https://www.instagram.com/p/DX3hhYzChG6/,0,,0,2026-05-03T07:07:54.000Z,,GlobalNews,IndiaUS,EconomicImpact,StockMarketIndia,Geopolitics,,,,,,,,,,,,,,,,,,,,,,,,,,,Instagram
"🌍 GLOBAL UPDATE: INDIA SCORES A CULTURAL WIN

The US returns 657 stolen antiquities worth $14 million to India 🇮🇳
A move that goes beyond headlines — it strengthens heritage, diplomacy, and global positioning

---

📊 Why This Matters:

🏛️ Cultural Restoration → Priceless assets return home
🤝 Diplomatic Boost → India–US ties deepen
🌍 Global Precedent → Strong message against art trafficking
📈 Soft Power Growth → India’s global influence rises

---

💼 Market Perspective:

✈️ Tourism & Hospitality → Positive sentiment boost
🖼️ Art & Luxury Market → Value of authentic artifacts rises
⚖️ Legal & Consulting → Increased focus on repatriation laws
🌐 Indo-US Relations → Trade & investment outlook strengthens

---

🧠 Smart Insight:

Not all market-moving events are financial…
Some build long-term economic strength indirectly

---

📈 Investor Lens:

Soft power → Tourism → Spending → Growth
This is a multi-layer economic chain

---

⚖️ Bottom Line:

Cultural wins today can translate into
economic and strategic advantages tomorrow

---

💬 Your take:
Does cultural diplomacy influence long-term markets?

---

📊 Follow @traders_station__ for sharp insights
#GlobalNews #IndiaUS #EconomicImpact #StockMarketIndia #Geopolitics InvestSmart MarketInsights",Trader's Station,traders_station__,https://www.instagram.com/p/DX3hffECtsY/,0,,1,2026-05-03T07:07:44.000Z,,GlobalNews,IndiaUS,EconomicImpact,StockMarketIndia,Geopolitics,,,,,,,,,,,,,,,,,,,,,,,,,,,Instagram
"అమరావతి రాజధాని ప్రాజెక్టు రాష్ట్రానికి భారమే – ప్రొఫెసర్ రామచంద్రయ్య
..
అమరావతి రాజధాని ప్రాజెక్టు చుట్టూ ఉన్న వాస్తవాలు, సందేహాలు మరియు వివాదాలను ప్రొఫెసర్ రామచంద్రయ్య తన విశ్లేషణలో స్పష్టంగా ప్రస్తావించారు. 2035 నాటికి 25 లక్షల జనాభా ఉంటుందని చంద్రబాబు ప్రభుత్వం చెబుతున్న అంచనాలపై ఆయన తీవ్ర సందేహాలు వ్యక్తం చేశారు. ప్రస్తుతం 29 గ్రామాల్లో కేవలం ఒకటిన్నర లక్షల జనాభా మాత్రమే ఉండగా, తక్కువ జనాభా వృద్ధి రేటు ఉన్న రాష్ట్రంలో ఇంత భారీ పెరుగుదల ఎలా సాధ్యమవుతుందనే ప్రశ్నను లేవనెత్తారు.

ఈ ప్రాజెక్టు వల్ల రాష్ట్రంపై పడుతున్న ఆర్థిక భారం కూడా ఆయన ప్రధానంగా ప్రస్తావించారు. అమరావతి పేరుతో సుమారు 60,000 కోట్ల అప్పులు తెచ్చినట్టు పేర్కొంటూ, ఈ భారాన్ని ప్రజలే భరించాల్సి వస్తుందని హెచ్చరించారు. రైతులకు ఎకరాకు 50,000 నుంచి 60,000 రూపాయల వరకు కౌలు ఇవ్వడం ద్వారా బడ్జెట్‌పై అదనపు ఒత్తిడి పెరుగుతుందని చెప్పారు. నిర్మాణ వ్యయాల్లో కూడా భారీ వ్యత్యాసాలను చూపిస్తూ, చదరపు అడుగుకి 11,000 నుంచి 14,000 రూపాయలు చెల్లించడం అవినీతి సంకేతమని ఆరోపించారు.

భౌగోళికంగా కూడా అమరావతి ప్రదేశం అనుకూలం కాదని ఆయన అభిప్రాయపడ్డారు. సింగపూర్ మాస్టర్ ప్లాన్ ప్రకారం వేల ఎకరాలు వరద ముప్పు ఉన్న ప్రాంతంలో ఉన్నాయని పేర్కొన్నారు. కొండవీటి వాగు వరద నీటిని పంపులతో తొలగించడం ప్రకృతికి విరుద్ధమని, నల్లరేగడి మట్టిలో నిర్మాణాలు భారీ ఖర్చుతో సాగుతాయని తెలిపారు.

అనవసర ప్రాజెక్టులపైనా ఆయన విమర్శలు గుప్పించారు. గన్నవరం విమానాశ్రయం ఉన్నప్పటికీ, మరో కొత్త ఎయిర్‌పోర్ట్ నిర్మాణం అవసరం లేదని పేర్కొన్నారు. అలాగే కృత్రిమ చెరువుల కోసం భారీ ఖర్చు చేయడం కూడా సమర్థించదగినది కాదని అన్నారు.

చిన్న రైతుల పరిస్థితి మరింత ఆందోళన కలిగించేదిగా ఉందని ఆయన తెలిపారు. భూములు ఇచ్చిన వారిలో ఎక్కువ మంది చిన్న రైతులే కాగా, వారు ఆర్థికంగా మరియు మానసికంగా నష్టపోయారని పేర్కొన్నారు. ఈ ప్రాజెక్టు కొద్దిమంది పెద్దల ప్రయోజనాల కోసం నడుస్తోందని ఆయన ఆరోపించారు.

ప్రత్యామ్నాయంగా, అమరావతిలో భారీగా పెట్టుబడులు పెట్టడం కంటే రాష్ట్రంలోని అనేక నగరాలను అభివృద్ధి చేయడం ద్వారా సమతుల్య అభివృద్ధి సాధ్యమని ఆయన సూచించారు. మొత్తం మీద, అమరావతి ప్రాజెక్టు రాష్ట్ర ప్రజలపై భారంగా మారే ప్రమాదం ఉందని ప్రొఫెసర్ రామచంద్రయ్య తన విశ్లేషణలో స్పష్టం చేశారు.

https://varthabyte.com/amaravati-hidden-truth-ramachandraiah-analysis/

#Amaravati #AndhraPradeshPolitics #ChandrababuNaidu #EconomicImpact #ramachandraiahanalysis అమరావతి UrbanDevelopment AndhraNews TeluguPolitics Politic",VarthaByte,varthabyte,https://www.instagram.com/p/DX3gkZxlwgr/,0,,1,2026-05-03T06:59:39.000Z,,Amaravati,AndhraPradeshPolitics,ChandrababuNaidu,EconomicImpact,ramachandraiahanalysis,,,,,,,,,,,,,,,,,,,,,,,,,,,Instagram
"While prices in India and Bangladesh remained stable between February 1st and April 30th, the price in Pakistan jumped from 257 PKR to 400 PKR.

Stay informed. Stay aware.

#foodtravelwithjazi #jazibhai #fblifestyle  #PetrolPrices #EconomicImpact #StayInformed

DISCLAIMER
This content is created for informational and entertainment purposes only. It does not intend to defame, insult, or spread hate against any individual. All opinions expressed are based on publicly available information.",Muhammad Jahanzeb,foodtravelwithjazii,https://www.instagram.com/p/DX3aLipjuDZ/,0,,0,2026-05-03T06:03:46.000Z,,foodtravelwithjazi,jazibhai,fblifestyle,PetrolPrices,EconomicImpact,StayInformed,,,,,,,,,,,,,,,,,,,,,,,,,,Instagram
"While prices in India and Bangladesh remained stable between February 1st and April 30th, the price in Pakistan jumped from 257 PKR to 400 PKR.

Stay informed. Stay aware.

#foodtravelwithjazi #jazibhai #fblifestyle  #PetrolPrices #EconomicImpact #StayInformed

DISCLAIMER
This content is created for informational and entertainment purposes only. It does not intend to defame, insult, or spread hate against any individual. All opinions expressed are based on publicly available information.",Jazibhai,jazibhaii,https://www.instagram.com/p/DX3Z6_DDC9Z/,0,,1,2026-05-03T06:01:30.000Z,,foodtravelwithjazi,jazibhai,fblifestyle,PetrolPrices,EconomicImpact,StayInformed,,,,,,,,,,,,,,,,,,,,,,,,,,Instagram
"While prices in India and Bangladesh remained stable between February 1st and April 30th, the price in Pakistan jumped from 257 PKR to 400 PKR.

Stay informed. Stay aware.

#foodtravelwithjazi #jazibhai #fblifestyle  #PetrolPrices #EconomicImpact #StayInformed

DISCLAIMER
This content is created for informational and entertainment purposes only. It does not intend to defame, insult, or spread hate against any individual. All opinions expressed are based on publicly available information.",MUHAMMAD JAHANZEB,foodtravelwithjazi,https://www.instagram.com/p/DX3Z1_uEnYQ/,5,,21,2026-05-03T06:00:49.000Z,,foodtravelwithjazi,jazibhai,fblifestyle,PetrolPrices,EconomicImpact,StayInformed,,,,,,,,,,,,,,,,,,,,,,,,,,Instagram
"Gas prices rose in Illinois due to the ongoing conflict with Iran and a power outage at the BP Whiting Indiana refinery. The price of oil is affecting more than just gas prices, experts say. Gas prices are impacting people's daily lives, from commuting to grocery shopping. The situation is being closely watched by those who rely on gas for transportation. The economic implications of the oil price hike are widespread and may continue to affect prices. Illinois residents are feeling the pinch of higher gas prices, making every trip to the pump more expensive. 💰

#Iran #GasPrices #Illinois #BP #EnergyCrisis #EconomicImpact #Transportation #FuelPrices #Chicago",Erdo NEWS,er_dominance,https://www.instagram.com/p/DX3U0Isjzk9/,0,,0,2026-05-03T05:16:52.000Z,,Iran,GasPrices,Illinois,BP,EnergyCrisis,EconomicImpact,Transportation,FuelPrices,Chicago,,,,,,,,,,,,,,,,,,,,,,,Instagram
"👀✈️ At the end of the day, real people feel this the most 💯

🔋 by www.NinjaTok.com | 🚀 Grow fast on TikTok 👀 

After comments tied to rising fuel costs and global tensions, a lot of fingers are being pointed… but the reality is never that simple 🤔🌍

Spirit Airlines (@spiritairlines) built its name on a low-cost model that worked for a while 💸 but also left very little room for error when costs surged 📉⛽️. 

At the same time, seeing things escalate to the point of shutting doors this fast is tough… especially for the employees affected 😔🙏, and the customers that woke up to cancelled flights 💔. 

Blame gets thrown around, from Joe Biden to Elizabeth Warren, but bigger economic and industry challenges are clearly at play 📊. 

#SpiritAirlines #AirlineIndustry #USPolitics #EconomicImpact #BreakingNews",Political Bozos,politicalbozos,https://www.instagram.com/p/DX3UmhtlGBd/,0,,4,2026-05-03T05:15:00.000Z,,SpiritAirlines,AirlineIndustry,USPolitics,EconomicImpact,BreakingNews,,,,,,,,,,,,,,,,,,,,,,,,,,,Instagram
"Pressure Mounts on Trump to Ban Chinese Automakers from U.S. Market
Read more >>> https://tinyurl.com/48yzefyu

✍ Journalist's Diary

#GlobalNews #USChinaTensions #TradeWar #AutomotiveIndustry #BreakingNews #WorldPolitics #DonaldTrump #XiJinping #PakistanEconomy #MiddleEastConflict #EconomicCrisis #FuelPrices #InternationalTrade #Geopolitics #NewsUpdate #TrendingNow #WorldNews #BusinessNews #EconomicImpact",Ahmedabad:A Journalist’s Diary,journalistdiary.96,https://www.instagram.com/p/DX3Rb4-iJRJ/,0,,0,2026-05-03T04:47:21.000Z,,GlobalNews,USChinaTensions,TradeWar,AutomotiveIndustry,BreakingNews,WorldPolitics,DonaldTrump,XiJinping,PakistanEconomy,MiddleEastConflict,EconomicCrisis,FuelPrices,InternationalTrade,Geopolitics,NewsUpdate,TrendingNow,WorldNews,BusinessNews,EconomicImpact,,,,,,,,,,,,,Instagram
"திருப்பூர் பின்னலாடைத் துறையினருக்கு அதிர்ச்சி: நூல் விலை கிலோவுக்கு ₹7 உயர்வு!

📌 Follow us @voiceofpeople_tn 

#Tiruppur #YarnPriceHike #TextileIndustry #BreakingNews #CottonPrice #TiruppurExporters #Knitwear #BusinessNews #TamilNaduNews #EconomicImpact #VoiceOfPeopleTN #SalemNews #TextileCrisis #PriceRise #CottonYarn #Manufacturing #SouthIndiaNews",Voice Of People,voiceofpeople_tn,https://www.instagram.com/p/DX3Pp5uGjrg/,0,,41,2026-05-03T04:31:47.000Z,,Tiruppur,YarnPriceHike,TextileIndustry,BreakingNews,CottonPrice,TiruppurExporters,Knitwear,BusinessNews,TamilNaduNews,EconomicImpact,VoiceOfPeopleTN,SalemNews,TextileCrisis,PriceRise,CottonYarn,Manufacturing,SouthIndiaNews,,,,,,,,,,,,,,,Instagram
"✈️💥 SPIRIT AIRLINES COLLAPSES: SHUTDOWN ANNOUNCED AFTER $500M RESCUE TALKS FAIL

🚨 Budget Carrier Grounds All Flights Immediately
In a shocking development, Spirit Airlines has announced it is shutting down operations entirely, after failing to secure a $500 million bailout from the Trump administration.
📢 The airline confirmed:
* ❌ All upcoming flights are cancelled
* 🔄 An orderly wind-down has begun “effective immediately”
* 💳 Customers will receive automatic refunds for eligible bookings

💬 CEO: “No Alternative Left”
CEO Dave Davis said the airline had been close to survival:
“We reached a restructuring agreement… but the sudden and sustained rise in fuel prices left us with no alternative.”
Despite ongoing bankruptcy restructuring, the airline was ultimately pushed over the edge by soaring jet fuel costs linked to the ongoing conflict involving Iran.

⛽ Fuel Crisis Delivers Final Blow
The aviation industry has been hit hard:
* 📈 Jet fuel prices have doubled since February
* ⛽ Fuel accounts for up to 40% of airline costs
* ⚠️ Analysts say the crisis was the “final nail in the coffin”
Airline analyst Savanthi Syth noted that while Spirit had been struggling, the fuel shock accelerated its collapse.

⚠️ Disclaimer:
This content is for informational and news-sharing purposes only. It is based on expert analysis and publicly available statements, which may evolve as the situation develops. It does not represent political endorsement or opinion.
 
#BreakingNews #WorldNews #SpiritAirlines #AviationCrisis #AirlineShutdown #TravelNews #USNews #FuelCrisis #JetFuel #GlobalEconomy #AirTravel #Geopolitics #IranCrisis #PassengerAlert #FlightCancelled #AviationIndustry #EconomicImpact #TrendingNow #BusinessNews #CorporateCollapse #GlobalTravel #Tweeps #TweepsPrime #StayPrime 🚀",Tweeps Prime,tweepsprime,https://www.instagram.com/p/DX27bj9lYlO/,0,,0,2026-05-03T01:35:04.000Z,,BreakingNews,WorldNews,SpiritAirlines,AviationCrisis,AirlineShutdown,TravelNews,USNews,FuelCrisis,JetFuel,GlobalEconomy,AirTravel,Geopolitics,IranCrisis,PassengerAlert,FlightCancelled,AviationIndustry,EconomicImpact,TrendingNow,BusinessNews,CorporateCollapse,GlobalTravel,Tweeps,TweepsPrime,StayPrime,,,,,,,,Instagram
"Iran has warned US forces to stay out of the Strait of Hormuz after Trump signaled a plan to assist stranded ships.

Tensions rise as global shipping and oil routes face growing disruption.

Read full story: https://thepublicpurview.com/iran-us-strait-of-hormuz-shipping-crisis-warning/

#IranUS #HormuzCrisis #GlobalShipping #OilRoutes",The Public Purview,publicpurview,https://www.instagram.com/p/DX6Wl6ZDCLM/,0,,0,2026-05-04T09:30:08.000Z,,IranUS,HormuzCrisis,GlobalShipping,OilRoutes,,,,,,,,,,,,,,,,,,,,,,,,,,,,Instagram
"“Project Freedom” —
Trump Moves to Break Hormuz Blockade!

Donald Trump has announced that the United States will begin operations from Monday to free commercial ships stuck in the Strait of Hormuz.

Calling the mission “Project Freedom,” Trump described the move as a humanitarian effort, saying several vessels are facing severe shortages of food and essential supplies — putting crew members at serious risk.

⚠️ He also issued a strong warning: any attempt to obstruct this mission will trigger a firm US response.

A high-stakes move in one of the world’s most critical oil routes — all eyes now on what unfolds next.

#Trump #ProjectFreedom #HormuzCrisis #BreakingNews #GlobalTensions #USNews #MiddleEast #ShippingCrisis #WorldNews #InShortNews",InShort News,inshort.pk,https://www.instagram.com/p/DX6PtzUDi9u/,0,,2,2026-05-04T08:30:03.000Z,,Trump,ProjectFreedom,HormuzCrisis,BreakingNews,GlobalTensions,USNews,MiddleEast,ShippingCrisis,WorldNews,InShortNews,,,,,,,,,,,,,,,,,,,,,,Instagram
"The Strait of Hormuz & Bab El-Mandeb are fully closed. Maersk, Hapag-Lloyd, COSCO out. $2,000-3,000/TEU war risk surcharges flipped contracts upside down. Shipping’s bleeding—Jeddah queues at 16-18 days. 

Iran’s overnight seizures & bridge attacks on container ships just destroyed any hope of smooth Gulf-Chokepoint trade. U.S. naval enforcement isn’t letting traffic through. This is not an “incident”—it’s a weaponized trade blockade that’s slashing global LNG supply 20%. 

Suezmax owners? Your vessels are stuck or rerouted via Cape—fleet availability down 10-15%. Spot rates on BDTI/BCTI indices are spiking 200-300% in war risk premiums. 

The single move? Retrofit to LNG dual-fuel **RIGHT NOW**. Q1 2026 LNG dual-fuel retrofit orders exploded—Korean & Chinese yards booked solid for months. It’s your only hedge for emissions compliance and fuel security amid brutal routes and diesel volatility. 

Delay this and your Suezmax might rot in port queues or get stranded with obsolete fuels. Yard backlogs—Everllence & Wärtsilä queues are pushing retrofit capex +15-20% and delays 6-12 months. 

**No, this is not a drill.** This is your wake-up call: switch fuels or watch your assets lose relevance faster than ever. 

Drop your thoughts—are you retrofitting LNG or betting on ammonia-ready vessels next? 

Sources: 
- https://trade-winds.com/2024/06/28/strait-of-hormuz-closure-suspends-major-carriers 
- https://lloydslist.maritimeintelligence.informa.com/LL1147954/Hormuz-closure-spikes-war-risk-premiums 
- https://splash247.com/q1-2026-lng-retrofit-boom-korea-china-yards-booked-solid 

#Shipping #Suezmax #LNG #HormuzCrisis #WarRisk #DualFuelRetrofitting",tv.men,voicewidget,https://www.instagram.com/p/DX6D_qhljmF/,0,,0,2026-05-04T06:47:42.000Z,,Shipping,Suezmax,LNG,HormuzCrisis,WarRisk,DualFuelRetrofitting,,,,,,,,,,,,,,,,,,,,,,,,,,Instagram
"🚢⚠️ “Project Freedom” Announced to Escort Ships Out of Strait of Hormuz

Former U.S. President Donald Trump has announced a new initiative aimed at safely guiding international vessels out of the highly tense Strait of Hormuz.

🌍 Humanitarian Move for Neutral Countries
According to the statement, multiple countries  not involved in the Middle East conflict requested assistance as their ships remain stranded in the restricted waters. These vessels are described as “neutral and innocent bystanders.”

⚓ “Project Freedom” Key Points
• Safe escort of ships and crews out of the region
• Focus on humanitarian relief for stranded crews
• Operation set to begin Monday (Middle East time)
• Ships reportedly facing shortages of food and essential supplies

🤝 The move is being framed as a goodwill gesture for regional stability, particularly involving Iran and broader Middle Eastern stakeholders.

⚠️ Strong Warning Issued
The statement also warned that any interference with the operation would be met with a forceful response.

⚠️ Disclaimer:
This content is for informational and news-sharing purposes only. It is based on expert analysis and publicly available statements, which may evolve as the situation develops. It does not represent political endorsement or opinion.

#BreakingNews #StraitOfHormuz #GlobalTrade #USA #Iran #Geopolitics #WorldNews #ShippingCrisis #MiddleEast #OilPrices  #Conflict #NewsUpdate #Alert #KarachiNews #ProjectFreedom #GlobalShipping #MaritimeSecurity #OilRoutes #TrendingNow #NewsAlert #EnergyCrisis #TradeRoutes #HormuzCrisis #NavalTensions #PakistanNews #Karachi #IndianOcean #GulfRegion #Tweeps #TweepsPrime 🚀",Tweeps Prime,tweepsprime,https://www.instagram.com/p/DX5vzktjUij/,0,,0,2026-05-04T03:51:13.000Z,,BreakingNews,StraitOfHormuz,GlobalTrade,USA,Iran,Geopolitics,WorldNews,ShippingCrisis,MiddleEast,OilPrices,Conflict,NewsUpdate,Alert,KarachiNews,ProjectFreedom,GlobalShipping,MaritimeSecurity,OilRoutes,TrendingNow,NewsAlert,EnergyCrisis,TradeRoutes,HormuzCrisis,NavalTensions,PakistanNews,Karachi,IndianOcean,GulfRegion,Tweeps,TweepsPrime,,Instagram
"মধ্যপ্রাচ্যের সময় অনুযায়ী সোমবার সকাল থেকে শুরু হওয়া এই...

বিস্তারিত কমেন্টে...

#matribhumirkhobor #HormuzCrisis #GlobalShipping",Matribhumir Khobor,matribhumirkhoborlive,https://www.instagram.com/p/DX5p9TPjbVB/,0,,0,2026-05-04T03:00:07.000Z,,matribhumirkhobor,HormuzCrisis,GlobalShipping,,,,,,,,,,,,,,,,,,,,,,,,,,,,,Instagram
"Trump Floats ‘Project Freedom’ to Escort Stranded Ships Out of Strait of Hormuz

Donald J. Trump has proposed a new initiative dubbed “Project Freedom,” aimed at escorting stranded commercial vessels out of the Strait of Hormuz amid escalating tensions in the region. The proposal focuses on deploying the US Navy to provide safe passage for ships caught between an ongoing US blockade and actions attributed to Iranian forces.

Trump framed the plan as a humanitarian effort, emphasizing that many of the affected vessels have no direct connection to the conflict. According to his remarks, these ships—often carrying goods for global markets—have been left vulnerable in one of the world’s most strategically critical waterways. The Strait of Hormuz handles a significant portion of global oil shipments, making disruptions there a matter of international concern.

While supporters argue that “Project Freedom” could stabilize maritime operations and protect neutral parties, critics warn that the move risks further militarizing an already tense region. Analysts note that direct naval escorts could lead to unintended confrontations, particularly given the fragile dynamics between the United States and Iran.

The proposal has already sparked debate among policymakers and global observers, with questions surrounding its legality, feasibility, and potential consequences. Whether framed as humanitarian assistance or strategic maneuvering, “Project Freedom” is likely to remain at the center of international discourse in the coming weeks.

#ProjectFreedom #HormuzCrisis #GlobalSecurity
Ayomide S Awojulu at OGM News",OGM News,ogmnews,https://www.instagram.com/p/DX5miyBjMhI/,0,,0,2026-05-04T02:30:17.000Z,,ProjectFreedom,HormuzCrisis,GlobalSecurity,,,,,,,,,,,,,,,,,,,,,,,,,,,,,Instagram
"A fragile ceasefire is already under strain — and oil markets are paying attention. 🚢

Trump's Project Freedom sends US military escorts through the Strait of Hormuz to protect stranded ships. Iran says that move breaks the terms of the truce agreed between the two sides.

The Strait of Hormuz is not just a shipping lane — it handles roughly one in five barrels of oil traded globally. Military tension there does not stay local for long.

This is a story worth following closely. Full story at the link.

#HormuzCrisis #IranUS #ProjectFreedom #GlobalAffairs #OilShipping",The Signal Journal,the.signaljournal,https://www.instagram.com/p/DX5j1bkgaX2/,0,,0,2026-05-04T02:06:45.000Z,,HormuzCrisis,IranUS,ProjectFreedom,GlobalAffairs,OilShipping,,,,,,,,,,,,,,,,,,,,,,,,,,,Instagram
"Trump Announces “Project Freedom” to Escort Ships Out of Hormuz

President Donald J. Trump said the U.S. will launch “Project Freedom” to guide neutral international ships safely out of the Strait of Hormuz, calling it a humanitarian effort to assist vessels stranded amid the conflict. He noted ongoing positive discussions with Iran but warned that any interference with the operation would be met with force.

#WorldWatchNews #USIran #HormuzCrisis #MaritimeSecurity #BreakingNews",World Watch News,world_watchnews,https://www.instagram.com/p/DX5TuGmj9pj/,0,,0,2026-05-03T23:45:54.000Z,,WorldWatchNews,USIran,HormuzCrisis,MaritimeSecurity,BreakingNews,,,,,,,,,,,,,,,,,,,,,,,,,,,Instagram
"News Update for Global!

**US President Trump launches 'Project Freedom' to free ships in Hormuz as Iran reviews deal**
America's President Trump has started a new mission called 'Project Freedom' to help ships stuck in the Strait of Hormuz. These ships belong to countries not involved in the fight. Trump says if anyone tries to stop this, America will use force. Meanwhile, Iran is looking at a 14-point peace plan sent through Pakistan. They are thinking about it. The situation is very tense and the world is watching. Pakistan is playing a big role to bring peace between the two sides. The next few days are very important.

#US #Iran #StraitofHormuz #Trump #ProjectFreedom #ceasefire #Pakistanmediation #IRGC #blockade #oil #Hormuzcrisis #mediation #diplomacy #TrumpIran #navalescort

Visit Us: https://www.momentumpakistan.com",Momentum Pakistan,momentumpakistan,https://www.instagram.com/p/DX5L1yzjvv0/,0,,0,2026-05-03T22:37:00.000Z,,US,Iran,StraitofHormuz,Trump,ProjectFreedom,ceasefire,Pakistanmediation,IRGC,blockade,oil,Hormuzcrisis,mediation,diplomacy,TrumpIran,navalescort,,,,,,,,,,,,,,,,,Instagram
"Tensions reach a boiling point as new maritime attacks hit merchant vessels in the Strait of Hormuz. On May 3, 2026, a northbound bulk carrier was swarmed by multiple small craft near Sirik, Iran, marking yet another escalation in this vital waterway. While all crew members are fortunately reported safe, this incident follows the recent seizure of two container ships by the Revolutionary Guard.

With shipping traffic already down 90%, these persistent assaults threaten the fragile three-week ceasefire and ongoing peace negotiations. Global energy markets remain on edge as the United Kingdom Maritime Trade Operations warns of critical security risks. The world watches closely as diplomacy battles escalating maritime aggression.

#MNWire #StraitOfHormuz #GlobalTrade #MaritimeSecurity #EnergyCrisis #ShippingAlert #HormuzCrisis",Maple News Wire,maplenewswire,https://www.instagram.com/p/DX401LtgRq4/,0,,0,2026-05-03T19:15:53.000Z,,MNWire,StraitOfHormuz,GlobalTrade,MaritimeSecurity,EnergyCrisis,ShippingAlert,HormuzCrisis,,,,,,,,,,,,,,,,,,,,,,,,,Instagram
"Cargo Ship Reports Attack Near Hormuz Amid Iran Peace Overture

A cargo ship near the Strait of Hormuz has reported coming under attack, according to reports, even as Iran puts forward a new peace proposal. The incident highlights ongoing instability in the vital shipping corridor despite renewed diplomatic efforts.

#WorldWatchNews #HormuzCrisis #USIran #MaritimeSecurity #BreakingNews",World Watch News,world_watchnews,https://www.instagram.com/p/DX4tjhpj-F9/,0,,0,2026-05-03T18:12:22.000Z,,WorldWatchNews,HormuzCrisis,USIran,MaritimeSecurity,BreakingNews,,,,,,,,,,,,,,,,,,,,,,,,,,,Instagram
"News Trail India front page 04-06-2026 Edition

#BreakingNews #NewsTrail #IndiaNews #ElectionResults #WestBengalElections #TamilNaduElections #KeralaPolitics #AssamElections #DelhiFire #FireTragedy #PublicSafety #HormuzCrisis #LPGSupply #IranUSConflict #Geopolitics #BengaluruNews #CrimeNews #SupremeCourt #AbortionRights #IndianPolitics",News Trail,newstrail_india,https://www.instagram.com/p/DX4qJJcj88F/,0,,1,2026-05-03T17:42:29.000Z,,BreakingNews,NewsTrail,IndiaNews,ElectionResults,WestBengalElections,TamilNaduElections,KeralaPolitics,AssamElections,DelhiFire,FireTragedy,PublicSafety,HormuzCrisis,LPGSupply,IranUSConflict,Geopolitics,BengaluruNews,CrimeNews,SupremeCourt,AbortionRights,IndianPolitics,,,,,,,,,,,,Instagram
"হরমুজ প্রণালি উত্তপ্ত! মার্কিন বাহিনীকে কঠোর হুঁশিয়ারি ইরানের 

#StraitOfHormuz #IranUSATension #HormuzCrisis #MiddleEastNews #Geopolitics #BreakingNews #WorldNews #NTVNews #NTV #InternationalNews",NTV,ntvdigital,https://www.instagram.com/p/DX4T1VED6w5/,1,,15,2026-05-03T14:27:33.000Z,,StraitOfHormuz,IranUSATension,HormuzCrisis,MiddleEastNews,Geopolitics,BreakingNews,WorldNews,NTVNews,NTV,InternationalNews,,,,,,,,,,,,,,,,,,,,,,Instagram
"🕊️🧑‍⚖️ Dogovor o okončanju rata i ponovnom otvaranju Ormuskog moreuza su i dalje na mrtvoj tački, nakon što se predsjednik Donald Tramp usprotivio najskorijim zahtjevima.

🗣️ Tramp nije govorio o suštini najnovije ponude, niti se izjasnio u pogledu svojih primjedbi. Dao je gotovo identičan komentar kao i kada je pričao o starim ponudama.

Dva visoka iranska zvaničnika su izjavila da najnovija ponuda ne sadrži prethodni uslov koji je Iran postavio, a prema kojem Tramp prvo treba da ukloni pomorsku blokadu nametnutu Iran, kako bi se pregovarači uživo sastali. 

🤫 Obje strane su tražile anonimnost, kao uslov da govore o osjetljivim informacijama.

☢️ Predsjednik SAD uporno ponavlja kako Iran ne smije da ima nuklearno oružje, a Iran je odbio američke prijedloge o suspendovanju naoružanja i predaju zaliha visoko obogaćenog uranijuma, piše #thenewyorktimes 

🔗 Više o ovoj temi na dan.co.me

👩‍💻 Prevod: @_dara.j_ 
#iran #ormuskimoreuz #hormuzcrisis #portaldan",Portal Dan / Dnevne novine Dan,dnevne.novine.dan,https://www.instagram.com/p/DX4HWEhDacj/,0,,5,2026-05-03T12:42:39.000Z,,thenewyorktimes,iran,ormuskimoreuz,hormuzcrisis,portaldan,,,,,,,,,,,,,,,,,,,,,,,,,,,Instagram
"As of Sunday, May 3, 2026, the Middle East remains suspended in a state of neither war nor peace. While the official two-week ceasefire between the U.S. and Iran (mediated by Pakistan) has technically held in the Persian Gulf, the periphery conflicts particularly in Lebanon are escalating at a pace that threatens to trigger a full-scale resumption of the 2026 Iran War.
#USIranDiplomacy #IslamabadAccord #HormuzCrisis #Trump #BreakingNews",Sang-e-Meel,sangemeelnews,https://www.instagram.com/p/DX4Gi-XjDZf/,0,,1,2026-05-03T12:31:26.000Z,,USIranDiplomacy,IslamabadAccord,HormuzCrisis,Trump,BreakingNews,,,,,,,,,,,,,,,,,,,,,,,,,,,Instagram
"Amid the Strait of Hormuz crisis, India-bound tanker Sarv Shakti sails through with 45,000+ tonnes of LPG—keeping energy lifelines intact despite regional blockade tensions. 

#HormuzCrisis #India #EnergySecurity #LPG #Geopolitics",Hoot India,hootindia_,https://www.instagram.com/p/DX31VJQjJxE/,0,,1,2026-05-03T10:01:02.000Z,,HormuzCrisis,India,EnergySecurity,LPG,Geopolitics,,,,,,,,,,,,,,,,,,,,,,,,,,,Instagram
"President Donald Trump voiced dissatisfaction with Iran's latest diplomatic proposal on the ongoing war, calling their leadership ""disjointed"" and demands unacceptable during Friday's White House remarks.

Diplomatic Deadlock
Ceasefire holds post-April 8, yet nuclear curbs, Strait of Hormuz control (20% global oil), and Islamabad talks stall; Trump weighs strikes vs deal, rejecting quick fixes to avoid repeat crises.

Global Fallout
US pulls 5,000 troops from Germany over Chancellor Merz criticism; China’s UN envoy Fu Cong urges Hormuz reopening, Brent crude dips 1% to $109; Tehran readies defenses.

#TrumpIranTalks #HormuzCrisis #USAllyRift #NuclearDeadlock #OilBlockade #timesg #kamakhya",TimesG,timesg.as,https://www.instagram.com/p/DX3TzgclFv7/,0,,0,2026-05-03T05:08:03.000Z,,TrumpIranTalks,HormuzCrisis,USAllyRift,NuclearDeadlock,OilBlockade,timesg,kamakhya,,,,,,,,,,,,,,,,,,,,,,,,,Instagram
"Iran has issued a blistering response to a US official who reportedly called Iranians ""rats in a sewer pipe."" Tehran's retort read: ""Everyone knows that you and your pedophile boss lost the war... idiot."" The sharp exchange comes amid escalating hostilities over the Strait of Hormuz blockade, the ongoing US-Iran war, and failed nuclear negotiations.

 Iran did not name the specific US official but appeared to reference President Trump, whom Iranian leaders have previously accused of corruption. The insult marks a new low in diplomatic discourse, with Tehran dismissing Washington's military strategy as a failure.

 The White House has not officially responded, though Trump has previously used harsh language against Iran. European allies urged restraint as global oil markets remain volatile. The war has cost billions, with Iran's foreign minister recently claiming the US has spent $100 billion on Netanyahu's ""gamble."" The verbal assault signals no imminent de-escalation.

#IranUSInsults #RatsInSewerPipe #LostTheWar #DiplomaticLow #HormuzCrisis",Abdulhakim Abdulkadir Babaoke,abdulhakimabdulkadir78,https://www.instagram.com/p/DX2Y4HxjWt3/,0,,0,2026-05-02T20:33:08.000Z,,IranUSInsults,RatsInSewerPipe,LostTheWar,DiplomaticLow,HormuzCrisis,,,,,,,,,,,,,,,,,,,,,,,,,,,Instagram
"UN Secretary-General António Guterres has issued a high-stakes ultimatum to world powers as the blockade of the Strait of Hormuz enters a critical phase. With global inflation projected to surge past 6%, the ""vital artery"" of world trade remains choked, threatening a deep international recession.
""Open the Strait. Let the global economy breathe again,"" Guterres stated, calling for an immediate shift toward ""networked multipolarity"" to resolve the deadlock.
As the Hormuz Crisis intensifies, the question remains: Can diplomacy outpace the looming economic collapse?

#RaisinaPulse #HormuzCrisis #AntonioGuterres #MacroEconomics #diplomacy",Raisina Pulse,raisinapulse,https://www.instagram.com/p/DX2E2aXCSPv/,0,,1,2026-05-02T17:38:08.000Z,,RaisinaPulse,HormuzCrisis,AntonioGuterres,MacroEconomics,diplomacy,,,,,,,,,,,,,,,,,,,,,,,,,,,Instagram
"Iran has warned that renewed conflict with the United States remains “likely” after Donald Trump rejected Tehran’s proposal to reopen the Strait of Hormuz before nuclear talks.

Link in comments

#Iran #UnitedStates #DonaldTrump #StraitOfHormuz #HormuzCrisis #MiddleEast  #EnergySecurity #NuclearTalks #Geopolitics #WorldNews #theenergytribune",The Energy Tribune,theenergytribune,https://www.instagram.com/p/DX19ETXDIHb/,0,,0,2026-05-02T16:30:08.000Z,,Iran,UnitedStates,DonaldTrump,StraitOfHormuz,HormuzCrisis,MiddleEast,EnergySecurity,NuclearTalks,Geopolitics,WorldNews,theenergytribune,,,,,,,,,,,,,,,,,,,,,Instagram
"ہرمز بحران پر چین کا واضح اور دو ٹوک موقف سامنے آگیا......
مزید پڑھیں:https://dailyaaj.com.pk/news/152052

#Hormuzcrisis #China #diplomacy #MiddleEast #tensions #Globaloil #traderoute #BreakingNews #dailyaajdigital",Daily AAJ Digital,dailyaajdigital,https://www.instagram.com/p/DX1r0TLjWi-/,0,,0,2026-05-02T13:59:24.000Z,,Hormuzcrisis,China,diplomacy,MiddleEast,tensions,Globaloil,traderoute,BreakingNews,dailyaajdigital,,,,,,,,,,,,,,,,,,,,,,,Instagram
"As of Thursday, April 30, 2026, the Pakistani Ministry of Commerce has moved to resolve a massive logistics crisis at its ports. Since the U.S. began blockading Iranian ports on April 13, over 3,000 containers destined for Iran had been stuck at Karachi Port and Port Qasim. By formalizing these land routes, Islamabad is effectively creating a legal bypass to the maritime restrictions enforced by the Trump administration.#PakistanTrade #IranBlockade #HormuzCrisis #Taftan #BreakingNews2026",Sang-e-Meel,sangemeelnews,https://www.instagram.com/p/DX1TVJlldNg/,0,,1,2026-05-02T10:25:26.000Z,,PakistanTrade,IranBlockade,HormuzCrisis,Taftan,BreakingNews2026,,,,,,,,,,,,,,,,,,,,,,,,,,,Instagram
"Ahmed MehmoodSajid SaeedHamza KhanreshamworklifeAbdul AminJam ShahabudinMuhammad OvaisMuhammad Hassaan Gasoraمحمد عامر رفیقAhmed MalikRaees Rizwan ChacherArslan AwanWaseem MalikSaleem MalikMehboob AhmedAmadou OugouhebaZain Fareed QureshiMD MinhajHasnain Raza@highlight 
#HormuzCrisis #IranVsAmerica #follower #foryouシ
#100k",Ahmed Mehmood,ahmedmehmood5,https://www.instagram.com/p/DXzo2CRjHQ-/,0,,1,2026-05-01T18:54:56.000Z,,HormuzCrisis,IranVsAmerica,follower,foryouシ,100k,,,,,,,,,,,,,,,,,,,,,,,,,,,Instagram
"War is bad for business. Unless you're Gwadar Port.

The crisis in the Strait of Hormuz is doing what decades of investment couldn't — turning Pakistan's underused Gwadar Port into a busy logistical hub.

The numbers don't lie. In April alone, Gwadar handled 11,000 shipping containers. That's more than all of 2025. For a port that used to see fewer than 20 ships a year, this is unprecedented.

Why now?
The Strait of Hormuz — 20% of global oil and LNG — has been choked by war. Ir*n. US. Isr*el. Blockades. Reopenings. Closures. Shipping operators are staying away. But cargo already at sea has nowhere else to go. So vessels are looking for safe, nearby places to dock or store goods.

Enter Gwadar.
Close to Hormuz, but far enough from the fighting. Deep waters. Free storage for up to a month. It's not a trade hub — it's a ""Temporary Logistical Buffer"".

Short-term win. Long-term question.
Yes, Pakistan is getting a diplomatic boost too — emerging as an unlikely mediator between Ir=n and the US, with Saudi Arabia chipping in 2 billion

But Gwadar's growth shouldn't depend on war. Instability could spill over. Pakistan shares a 900km border with Ir@n.

So how long will Gwadar keep waiting for its potential to finally materialize? 🇵🇰🛳️

References: https://glosema.group/news/gwadar-port-gains-momentum-amid-regional-shipping-disruption/ - www.timesofislamabad.com - www.thenews.pk

Disclaimer: This Post is for Informational, Educational and journalistic Purposes only, based on Publicly Available Reports. It is not intended to promote, incite, or glorify hatred, violence, discrimination, or harm against any individual, group, nation, ethnicity, religion, or political affiliation. Views expressed do not represent any official stance. Always verify with official sources. The image/Video is AI generated and is just for reference.

#GwadarPort #StraitOfHormuz #Pakistan #Shipping #Logistics #TradeRoute #CPEC #Balochistan #MaritimeSecurity #CargoShipping #Diplomacy #SaudiArabia #Geopolitics #BreakingNews #Gwadar #HormuzCrisis #EnergySecurity",Brainy Ideas,brainyideas666,https://www.instagram.com/p/DXzd3KpADVX/,0,,0,2026-05-01T17:18:58.000Z,,GwadarPort,StraitOfHormuz,Pakistan,Shipping,Logistics,TradeRoute,CPEC,Balochistan,MaritimeSecurity,CargoShipping,Diplomacy,SaudiArabia,Geopolitics,BreakingNews,Gwadar,HormuzCrisis,EnergySecurity,,,,,,,,,,,,,,,Instagram
"🇮🇷➡️🇵🇰➡️🇺🇸 Le calme avant la tempête ? 😶‍🌫️⚠️
L’Iran a soumis une nouvelle proposition de paix via le Pakistan, juste avant la date limite du cessez-le-feu américain. Les marchés ont réagi positivement. 📈
➡️ L’Iran a remis la proposition le 30 avril en réponse aux ajustements américains qui visent à rouvrir le détroit d’Ormuz, mettre fin aux hostilités… tout en mettant de côté les questions nucléaires pour plus tard.
➡️ Le Pakistan joue les médiateurs presque depuis le début de la campagne de terreur et crimes de guerre de la coalition Epstinite contre la République islamique début mars. Il a aidé à prolonger le cessez-le-feu du 8 avril malgré les frappes et menaces US.
➡️ Pendant ce temps, les coûts estimés font débat : Pentagon à 25 milliards $, législateurs US près de 50 milliards, ministre iranien à 100 milliards de dommages directs. 💸
➡️ Les marchés ont réagi positivement : prix du pétrole en baisse, cryptos en hausse, et Wall Street a donné un léger priapisme* à Daddy & co.
➡️ Les principaux obstacles restent les droits nucléaires de l’Iran et une trêve Israël-Hezbollah. Aucune réponse US pour l’instant, à 60 jours de l’échéance des pouvoirs de guerre… pendant que Fox pousse le Guide Suprême dans l’autre sens.
🐻 *« une érection persistante »
🔴@DDGeopolitics
#Iran #Pakistan #USA #Ormuz #CessezLeFeu #PropositionPaix #Geopolitique #IranNuclear #Marches #Petrole #WallStreet #Epstinite #ActualiteChoc #Diplomatie #HormuzCrisis #DDGeopolitics",Rose News Alert,rose_news_alert,https://www.instagram.com/p/DXzanm4E_2b/,0,,0,2026-05-01T16:50:38.000Z,,Iran,Pakistan,USA,Ormuz,CessezLeFeu,PropositionPaix,Geopolitique,IranNuclear,Marches,Petrole,WallStreet,Epstinite,ActualiteChoc,Diplomatie,HormuzCrisis,DDGeopolitics,,,,,,,,,,,,,,,,Instagram
"PAKISTANI SHIP CARRYING 80 MILLION LITERS OF DIESEL CROSSES STRAIT OF HORMUZ.
The Pakistan National Shipping Corporation tanker Khairpur has successfully transited the Strait of Hormuz with a full load of 80 million liters of diesel from Kuwait, heading to Karachi. The voyage, cleared with special permission amid the ongoing regional blockade, ensures vital fuel supplies reach Pakistan at a time when commercial shipping through the critical waterway remains severely restricted.

#HormuzCrisis #PakistanShip #DieselImport #StraitOfHormuz #PakistanEnergy #EnergySecurity #BreakingNews #PNSC",The Uninvited Press,uninvitedpress,https://www.instagram.com/p/DXyykxemjTF/,0,,4,2026-05-01T11:00:44.000Z,,HormuzCrisis,PakistanShip,DieselImport,StraitOfHormuz,PakistanEnergy,EnergySecurity,BreakingNews,PNSC,,,,,,,,,,,,,,,,,,,,,,,,Instagram
"Iran has warned the US of a strong and painful response if new attacks are launched, as tensions continue to rise.

The ongoing Strait of Hormuz crisis is also pushing global oil prices higher, increasing economic pressure worldwide.

Disclaimer: This post is based on publicly available reports. This image is AI Generated and just for Reference

#IranUSConflict #HormuzCrisis #MiddleEastTensions #OilPrices #GlobalEconomy #BreakingNews #WorldNews",Truthora Hub,truthora.hub,https://www.instagram.com/p/DXyv6DTjBsA/,0,,0,2026-05-01T10:37:24.000Z,,IranUSConflict,HormuzCrisis,MiddleEastTensions,OilPrices,GlobalEconomy,BreakingNews,WorldNews,,,,,,,,,,,,,,,,,,,,,,,,,Instagram
